highlight_title,shortcode,post_date,post_type
2025 Auditions,DGufCSTyGPi,2025-03-03,Video Post
Minion Land,DGf0R76SRos,2025-02-25,Image Post
Minion Land,DGS3-PPyJfm,2025-02-20,Image Post
Minion Land,DGS3PIYyfEx,2025-02-20,Video Post
Minion Land,DGP-HDwyyLQ,2025-02-19,Video Post
Minion Land,DGPMaOnyCCk,2025-02-19,Video Post
Minion Land,DGO-lNWyTat,2025-02-19,Video Post
Minion Land,DGKye_CSfhn,2025-02-17,Video Post
Minion Land,DGKLH0kSqMD,2025-02-17,Image Post
Minion Land,DGH3znXyhOB,2025-02-16,Video Post
Minion Land,DGGfOqry3hZ,2025-02-15,Video Post
Minion Land,DGGfKSfyMeP,2025-02-15,Video Post
Minion Land,DGFaFWySfn6,2025-02-15,Video Post
Minion Land,DGFaDRcSyf0,2025-02-15,Video Post
Minion Land,DGFQrqfyny7,2025-02-15,Video Post
Minion Land,DGFQh2aSHOR,2025-02-15,Video Post
Minion Land,DGFQX63SG_T,2025-02-15,Video Post
Minion Land,DGFQBVryyym,2025-02-15,Image Post
Minion Land,DGFP-6uy52F,2025-02-15,Image Post
Minion Land,DGFPkJ3y5HP,2025-02-15,Video Post
Minion Land,DGFPWwRyUAB,2025-02-15,Image Post
Minion Land,DGFPSevSFYa,2025-02-15,Video Post
Minion Land,DGFPES5yvj0,2025-02-15,Video Post
Minion Land,DGFPCYfSbtn,2025-02-15,Video Post
Minion Land,DGDBVLdyRoG,2025-02-14,Video Post
Minion Land,DGCld3dxpMJ,2025-02-14,Video Post
Minion Land,DGClXf6Rmgp,2025-02-14,Video Post
Minion Land,DGClSFjRggM,2025-02-14,Video Post
Minion Land,DGClL-GxrK8,2025-02-14,Video Post
Minion Land,DGAnS3iSC2V,2025-02-13,Video Post
Minion Land,DF-AOsySChS,2025-02-12,Video Post
Minion Land,DF-ABkXSzVU,2025-02-12,Video Post
Minion Land,DF7AsjkyTR8,2025-02-11,Video Post
Minion Land,DF4WgdNSAJw,2025-02-10,Video Post
Minion Land,DFxwmQ8SgWQ,2025-02-07,Image Post
Minion Land,DFxwluBS1aB,2025-02-07,Image Post
Minion Land,DFxwlElyflz,2025-02-07,Image Post
Minion Land,DFxwkiLSq9e,2025-02-07,Image Post
Minion Land,DFxwj70SSmk,2025-02-07,Image Post
Minion Land,DFxwjQTyQ6Y,2025-02-07,Image Post
Minion Land,DFxwinpSIKd,2025-02-07,Image Post
Minion Land,DFxwh5aydCe,2025-02-07,Image Post
Minion Land,DFxwg_rS4fK,2025-02-07,Image Post
Minion Land,DFu4magSY8o,2025-02-06,Video Post
Minion Land,DFrKlM0SwR4,2025-02-05,Video Post
Minion Land,DFnZn2Xy7eq,2025-02-03,Video Post
Minion Land,DFh_tX7yDrY,2025-02-01,Video Post
Minion Land,DFdEqk5yNSJ,2025-01-30,Video Post
Minion Land,DFXafazyCfX,2025-01-28,Video Post
Minion Land,DFFE_akSgnR,2025-01-21,Image Post
Minion Land,DFEr6qgyC0F,2025-01-21,Image Post
Minion Land,DE_hskKSuAt,2025-01-19,Video Post
Minion Land,DE10URaylsm,2025-01-15,Video Post
Minion Land,DEciRInytjA,2025-01-05,Video Post
Minion Land,DEVO3CAyU48,2025-01-02,Image Post
Minion Land,DESOGuyy7sQ,2025-01-01,Video Post
Minion Land,DEK1b4qyMp_,2024-12-29,Image Post
Minion Land,DD7byk3SGiF,2024-12-23,Video Post
Minion Land,DDzxNELytKB,2024-12-20,Video Post
Minion Land,DDryHVNy0qn,2024-12-17,Image Post
Minion Land,DDq1QTpyvZV,2024-12-17,Video Post
Minion Land,DDV-34pSXQT,2024-12-09,Video Post
Minion Land,DDVpTJkS10t,2024-12-09,Image Post
Minion Land,DDT7BOFyfak,2024-12-08,Image Post
Minion Land,DDTsO6bSANt,2024-12-08,Video Post
Minion Land,DDN_tPvSXUX,2024-12-06,Video Post
Minion Land,DDM2Usnyv0_,2024-12-05,Image Post
Minion Land,DCHP6qxycVq,2024-11-08,Video Post
Minion Land,DAQMjt0yZcu,2024-09-23,Video Post
Minion Land,C-Fuy1JStlC,2024-07-31,Image Post
Minion Land,C9_-JcOylSg,2024-07-29,Video Post
Minion Land,C9_5AHQSd3U,2024-07-29,Video Post
Minion Land,C9_45VtSvd7,2024-07-29,Image Post
CNY,DFxwh5aydCe,2025-02-07,Image Post
CNY,DFXafazyCfX,2025-01-28,Video Post
CNY,DFVf6_rSwqW,2025-01-27,Image Post
CNY,DFP5ZKYym1J,2025-01-25,Image Post
CNY,DFMITupS_N3,2025-01-24,Image Post
CNY,DFH8unpy67y,2025-01-22,Video Post
CNY,DFDYNoeSMyQ,2025-01-20,Video Post
CNY,DE50-9RT5Zx,2025-01-16,Image Post
F&B,DEzPFyYy7_S,2025-01-14,Video Post
F&B,DEkfPggSiCR,2025-01-08,Video Post
MegatronMuses,C1twfp6yAdu,2024-01-05,Video Post
MegatronMuses,CtLHZE5gFH1,2023-06-07,Video Post
MegatronMuses,Cs_Lca5gS7x,2023-06-02,Video Post
MegatronMuses,CsIj8lxAO4w,2023-05-12,Video Post
Fireworks ðŸŽ†,DCEWuFVS70O,2024-11-07,Video Post
Fireworks ðŸŽ†,C-99e8GS_fw,2024-08-22,Image Post
Fireworks ðŸŽ†,C-saHC0S6EP,2024-08-15,Video Post
Fireworks ðŸŽ†,C9UpA09SOp5,2024-07-12,Video Post
Fireworks ðŸŽ†,C9UGszNSCWJ,2024-07-12,Video Post
Fireworks ðŸŽ†,C9ChmByy-ec,2024-07-05,Video Post
Fireworks ðŸŽ†,C8yg1LvSruj,2024-06-29,Video Post
Park Updates,DB7htVayxAg,2024-11-04,Image Post
Jackson Wang,DBD-2bMSIwk,2024-10-13,Image Post
Jackson Wang,DBD-y1pSn4l,2024-10-13,Image Post
Jackson Wang,DBB_6BXyJMX,2024-10-12,Video Post
Jackson Wang,DBB8LycyW0G,2024-10-12,Video Post
Jackson Wang,DBB7MlKSIsY,2024-10-12,Video Post
Jackson Wang,DBB410VyoGy,2024-10-12,Video Post
Jackson Wang,DBB2xukS470,2024-10-12,Video Post
Jackson Wang,DBB12ZZSch3,2024-10-12,Video Post
Jackson Wang,DBByv0wyY7r,2024-10-12,Video Post
UNIVRS Store,C_2ZJxSSlp0,2024-09-13,Video Post
UNIVRS Store,C_2ZHYuSOAQ,2024-09-13,Video Post
UNIVRS Store,C_sx0oKSO_0,2024-09-09,Video Post
UNIVRS Store,C_mto4iSYAi,2024-09-07,Image Post
UNIVRS Store,C_l5Ie3tJ9F,2024-09-06,Video Post
UNIVRS Store,C_l5CzgtI3G,2024-09-06,Video Post
UNIVRS Store,C_l4_KstHun,2024-09-06,Video Post
UNIVRS Store,C_lJj8CyBn-,2024-09-06,Video Post
UNIVRS Store,C_lJhAMyiZV,2024-09-06,Video Post
UNIVRS Store,C_lJU_Qy855,2024-09-06,Video Post
UNIVRS Store,C_kzYOTyWpV,2024-09-06,Video Post
UNIVRS Store,C_krS-DyFMv,2024-09-06,Image Post
UNIVRS Store,C_korH7yMJz,2024-09-06,Video Post
UNIVRS Store,C_khqruS5gz,2024-09-06,Video Post
UNIVRS Store,C_khjceSggM,2024-09-06,Image Post
UNIVRS Store,C_kRxxtS3yv,2024-09-06,Video Post
UNIVRS Store,C_kQ-X_SR0m,2024-09-06,Video Post
UNIVRS Store,C_kQ4nCSmyM,2024-09-06,Image Post
UNIVRS Store,C-fCAztSYHq,2024-08-10,Video Post
UNIVRS Store,C-CsSy2SIr6,2024-07-30,Video Post
UNIVRS Store,C912x4Yyln6,2024-07-25,Video Post
UNIVRS Store,C9w7HBcyYTg,2024-07-23,Video Post
UNIVRS Store,C9we7bHS6r4,2024-07-23,Video Post
