date,actual_date,forecast_day,temp_low,temp_high,humidity_low,humidity_high,forecast_summary,forecast_text,wind_speed_low,wind_speed_high,wind_direction,north_avg_daily_psi,south_avg_daily_psi,east_avg_daily_psi,west_avg_daily_psi,central_avg_daily_psi,average_nationwide_psi,highest_region_reading,psi_level_rating,Daily Rainfall Total (mm),Highest 30 Min Rainfall (mm),Highest 60 Min Rainfall (mm),Highest 120 Min Rainfall (mm),Mean Temperature (°C),Maximum Temperature (°C),Minimum Temperature (°C),Mean Wind Speed (km/h),Max Wind Speed (km/h),avg_daily_relative_humidity,windspeed
23/2/2025,Sunday,Monday,23.17,32.87,46.09,72.3,Windy with afternoon passing showers.,Slightly Hazy,8.29,11.56,ESE,39.5,105,47.9,44.5,105,37.23,west_avg_daily_psi,Good,3.31,0.53,0.56,0.74,29.195,30.76,27.63,6.54,8.64,91.26,3.74
24/2/2025,Monday,Tuesday ,23.6,33.74,52,86.26,Cloudy. Occasionally windy with periods of showers.,Hazy,10.48,25.69,ESE,35.19,27.79,52.61,59.31,34.13,33.02,west_avg_daily_psi,Good,3.96,0.12,1.95,3.66,28.14,29.9,26.38,6.52,10.03,67.16,3.14
25/2/2025,Tuesday,Wednesday,25.11,32.31,49.21,73.49,Fair & warm,Partly Cloudy (Day),13.65,21.57,E,30.32,53.4,36.5,43.22,35.36,47,east_avg_daily_psi,Good,12.53,2.04,6.26,9.99,28.915,31.38,26.45,7.61,10.85,95.54,2.17
26/2/2025,Wednesday,Thursday,24.56,34.96,76.15,66.17,Late morning and afternoon passing showers,Slightly Hazy,10.77,23.87,VARIABLE,48.97,30.66,45,42.85,49.15,45.61,east_avg_daily_psi,Good,14.33,3.7,9.46,11.02,28.505,30.4,26.61,8.7,11.09,30.94,3.91
27/2/2025,Thursday,Friday,23.9,35.49,36.55,84.8,Passing showers in the afternoon.,Windy,8.02,19.02,NNW,32.9,34.39,35.56,41.47,42.17,51.56,central,Moderate,9.3,2.1,5.81,8.22,27.705,29.98,25.43,6.85,9.35,77,0
28/2/2025,Friday,Saturday,25.58,31.5,68.92,85.48,Thundery showers in the  morning.,Windy,5.84,15.19,NE,41.17,47.55,38.59,49.44,48.7,56.07,east,Moderate,9.8,1.98,2.95,3.46,29.4,31.88,26.92,8.74,12.34,74.9,3.33
1/3/2025,Saturday,Sunday,23.55,33.14,49.57,58.58,Mainly fair except for showers over southern and western Singapore in the late afternoon.,Moderate Rain,12.67,12.02,NNE,55.85,45.51,36.88,28.55,43.31,29.05,north_avg_daily_psi,Good,4.24,1.06,1.23,1.53,29.875,32.55,27.2,2.7,5.61,64.85,2.22
2/3/2025,Sunday,Monday,25.76,33.19,48.24,57.35,"Cloudy with periods of showers, heavy at times, clearing in the evening.",Fair & Warm,18.71,26.01,W,39.29,23.23,48.04,27.52,31.54,35.22,central_avg_daily_psi,Good,6.37,0.87,2.56,3.05,28.89,31.36,26.42,6.69,8.92,34.8,0.97
3/3/2025,Monday,Tuesday,22.8,33,60.25,61.1,Occasionally windy. Afternoon thundery showers. ,Windy,6.6,7.56,W,34.09,43.97,57.32,51.99,51.64,36.77,central,Good,9.33,0.01,6.78,8.68,28.24,31.08,25.4,6.68,10.12,69.17,0.91
4/3/2025,Tuesday,Wednesday,25.89,33.62,58.25,62.33,Late morning and afternoon thundery showers ,Fair & Warm,21.94,21.84,SE,47.48,38.84,51.16,30.11,27.02,29.14,south_avg_daily_psi,Good,5.72,0.32,0.75,5.42,28.855,31.19,26.52,8.17,12.14,65.69,4.43
5/3/2025,Wednesday,Thursday,23.43,33.68,69.68,61.48,Fair and windy.,Heavy Thundery Showers with Gusty Winds,4.99,18.56,ESE,43.55,45.9,48.09,32.39,27.82,26.71,south,Good,8.2,0.93,3.05,3.29,26.63,28.68,24.58,7.42,9.7,70.57,2.75
6/3/2025,Thursday,Friday,23.45,34.35,67.48,79.79,Cloudy. Occasionally windy with periods of showers.,Heavy Thundery Showers with Gusty Winds,7.56,24.11,SSW,48.45,36.37,33.23,46.27,43.58,40.88,west,Good,2.26,0.92,1.32,1.57,27.565,29.5,25.63,7.07,9.32,26.18,3.31
7/3/2025,Friday,Saturday,24.39,32.83,47.86,75.87,Fair and occasionally windy.,Cloudy,13.74,19.79,NE,36.11,46.83,27.84,48.76,55.62,44.8,east,Good,7.65,2.66,3.14,7.31,29.3,30.99,27.61,6.68,8.81,2.37,2.01
8/3/2025,Saturday,Sunday,24.42,30.79,65.99,84.51,Late afternoon thundery showers ,Moderate Rain,4.26,25.16,NNW,25.12,31.13,61.04,45.19,33.51,25.42,east_avg_daily_psi,Good,3.55,0.79,1.9,2.17,28.635,30.81,26.46,9.6,12.76,31.26,1.93
9/3/2025,Sunday,Monday,24.19,34.29,71.26,65.59,Thundery showers in the late morning and early afternoon,Slightly Hazy,17.74,16.89,SSE,31.85,36.37,29.66,54.1,36.09,32.54,central_avg_daily_psi,Good,9.54,3.92,5.15,5.65,26.535,28.94,24.13,7.03,10.5,22.24,0.8
10/3/2025,Monday,Tuesday,24.26,31.96,53.58,67.59,Early and pre-dawn hours thundery showers,Moderate Rain,14.54,19.92,SSW,54.29,29.23,35.16,37.59,41.6,62.59,east_avg_daily_psi,Moderate,5.88,1.81,3.85,4.25,28.035,29.78,26.29,6.7,9.78,62.92,0
11/3/2025,Tuesday,Wednesday,23.45,33.94,81.37,72.87,Showers in the morning. Thundery showers in the afternoon.  ,Light Rain,15.64,22.7,N,42.69,43.28,36.47,50.05,46.23,45.02,east,Good,7.74,5.08,6.21,6.71,28.28,31.01,25.55,5.65,8.03,14.99,4.07
12/3/2025,Wednesday,Thursday,25.14,34.34,61.52,70.93,Early hours thundery showers.,Thundery Showers,4.36,18.48,ESE,27.78,50.77,39.69,51.13,41.54,43.44,west_avg_daily_psi,Good,7.66,0.03,1.9,2.36,26.69,29.66,23.72,8.67,10.8,105.08,0
13/3/2025,Thursday,Friday,24.64,32.21,77.04,70.91,Late morning and early afternoon passing showers,Passing Showers,12.49,38.22,ENE,35.38,12.47,32.67,44.12,47.08,59.85,south_avg_daily_psi,Moderate,3.78,1.54,1.87,2.16,26.25,27.84,24.66,5.48,8.11,3.69,1.38
14/3/2025,Friday,Saturday,24.53,33.96,65.73,64.83,Slightly hazy.,Fair & Warm,10.84,25.93,WSW,26.45,30.62,39.92,20.69,52.79,40.18,west,Good,6.03,1.71,3.06,4.2,26.47,28.43,24.51,6.35,9.74,42.42,1.9
15/3/2025,Saturday,Sunday,25.08,33.63,60.03,78.94,Late morning thundery showers.,Partly Cloudy (Day),10.23,24.99,SW,24.87,140,42.9,40.24,35.81,49.91,north,Good,0.95,0.46,0.63,0.76,27.775,30.48,25.07,7.86,11.61,80.55,0.3
16/3/2025,Sunday,Monday,24.06,31.73,52.06,66.21,Predawn showers and afternoon thundery showers.,Moderate Rain,12.65,27.32,ENE,36.95,42.21,162,39.43,34.04,40.06,west,Good,6.68,0.16,0.39,5.12,28.43,30.15,26.71,7.13,10.63,89.75,3.22
17/3/2025,Monday,Tuesday,23.95,32.15,62.16,75.2,Occasionally windy. Late afternoon and evening thundery showers.,Heavy Rain,2.72,17.49,NW,45.91,56.67,39.01,41.38,47.73,27.65,west,Good,9.68,5.39,5.53,7.09,27.46,29.51,25.41,9.05,11.12,17.69,1.3
18/3/2025,Tuesday,Wednesday,23.72,32.68,45.57,75.61,Occasionally windy. Late morning and early afternoon showers.,Light Showers,12.51,13.02,N,48.72,29.04,46.53,30.73,34.82,32.86,central_avg_daily_psi,Good,8.18,2.41,3.59,6.66,28.455,31.39,25.52,6.92,10.18,35.56,2.35
19/3/2025,Wednesday,Thursday,25.18,33.79,29.44,57.41,Early hours and pre-dawn thundery showers.,Heavy Showers,15.26,21,ESE,45.24,48.66,46.45,40.2,17.82,33.1,north_avg_daily_psi,Good,5.18,2.78,3.64,5.18,26.125,27.97,24.28,7.51,11.5,74.35,3.27
20/3/2025,Thursday,Friday,24.36,34.79,54.96,58.37,Late morning and early afternoon showers.,Slightly Hazy,10.04,11.34,ESE,37.17,53.13,48.63,23.71,43.21,54.18,north_avg_daily_psi,Moderate,6.01,1.94,4.41,4.42,27.975,30.14,25.81,6.13,8.26,36.33,1.53
21/3/2025,Friday,Saturday,25.36,33.71,63.94,68.59,Pre-dawn hours and early morning showers. Afternoon and evening thundery showers.,Heavy Showers,17.23,21.92,ENE,33.36,54.28,24.82,55.12,44.82,43.49,east_avg_daily_psi,Good,2.94,0.09,0.3,0.56,27.865,30.51,25.22,5.28,7.56,54.78,2.13
22/3/2025,Saturday,Sunday,25.46,33.68,64.3,69.76,Early hours and predawn hours thundery showers and again in the afternoon.,Light Showers,10.61,12.42,W,41.93,57.86,47.73,41.88,37.51,31.87,south_avg_daily_psi,Good,17.5,3.52,8.51,9.09,28.005,30.81,25.2,6.79,10.78,80.77,0.78
23/3/2025,Sunday,Monday,24.15,31.76,67.65,68.74,"Occasionally windy, with afternoon passing showers.",Fair (Day),15.55,24.66,SE,39.27,28.89,35.01,48.62,61.52,50.97,central_avg_daily_psi,Moderate,10.84,5.42,7.03,8.91,29.43,32.08,26.78,6.37,10.1,41.44,3.17
24/3/2025,Monday,Tuesday,25.32,32.86,42.47,74.77,Windy. Occasional showers clearing in the evening.,Heavy Showers,9.38,17.04,ESE,43.2,52.43,44.16,29.75,45.79,51.95,south_avg_daily_psi,Moderate,4.98,0.06,1.15,3.68,26.21,27.99,24.43,4.6,8.2,59.74,1.54
25/3/2025,Tuesday,Wednesday,23.44,32.8,50.81,74.63,Showers in the morning. Thundery showers in the afternoon.  ,Light Rain,7.58,31.27,SE,39.89,45.98,47.11,39.19,37.5,44.3,east,Good,11.91,4.38,6.86,8.31,26.83,28.64,25.02,8.47,10.84,45.67,2.53
26/3/2025,Wednesday,Thursday,24.76,33.75,58.31,74.48,Windy with periods of showers.,Windy,7.25,27.52,NNE,28.81,48.68,51.38,49.44,54.91,35.57,south,Good,8.69,3.78,4.54,5.31,28.31,30.38,26.24,5.9,9.52,47.12,3.61
27/3/2025,Thursday,Friday,24.08,35.79,81.16,68.73,Slightly hazy and warm.,Passing Showers,8.76,11.09,W,48.23,55.55,46.09,30.36,39.42,40.93,south_avg_daily_psi,Good,10.36,1.19,1.36,2.07,27.915,30.05,25.78,8.1,11.49,74.68,1.13
28/3/2025,Friday,Saturday,24.5,33.68,52.87,85.33,Occasionally windy. Afternoon and night periods of showers.,Heavy Showers,11.43,11.79,SSE,34.48,38.82,48.74,45.04,44.61,11.34,central,Good,14.54,1.13,2.05,7.8,28.435,30.92,25.95,6.45,9.79,83.57,4.75
29/3/2025,Saturday,Sunday,24.79,35,61.95,76.04,Fair.,Partly Cloudy (Day),3.64,31.94,ENE,34.03,56.5,34.21,25.4,51.09,35.17,central_avg_daily_psi,Good,19.88,1.9,11.08,11.36,26.51,28.04,24.98,8.47,12.2,28.25,3.45
30/3/2025,Sunday,Monday,25.37,34.65,72.51,69.66,Windy with afternoon passing showers.,Showers,8.98,15.38,NNW,38.61,45.63,34.75,44.63,27.65,47.84,north,Good,5.1,0.3,2.96,3.75,27.875,29.82,25.93,6.75,9.45,80.39,3.1
31/3/2025,Monday,Tuesday,25.63,31.55,62.98,50.5,"Overcast and windy, with rain, heavy at times. ",Light Rain,7.5,27.39,NNE,37.03,39.01,23.24,23.76,32.88,34.14,south,Good,5.47,2.6,3.19,4.59,27.645,30.51,24.78,8.22,10.24,64,1.29
1/4/2025,Tuesday,Wednesday,24.35,32.04,72.72,77.68,Early hours thundery showers with gusty winds,Fair (Day),15.74,35.5,VARIABLE,19.45,28.11,46.11,55.3,45.72,32.28,north,Good,5.51,3.3,3.62,4.67,29.27,31.64,26.9,5.31,8.02,80.18,1.62
2/4/2025,Wednesday,Thursday,24.94,32.88,64.2,82.35,"Periods of showers, heavy at times and with thunder",Thundery Showers,11.12,18.39,W,169,33.55,41.86,66.23,42.13,31.03,east_avg_daily_psi,Good,6.38,2.43,3.36,6.2,26.76,28.73,24.79,7.53,11.41,134.23,4.09
3/4/2025,Thursday,Friday,24.57,35.68,64.65,74.71,"Windy with periods of showers, at times with thunder.",Fair (Day),19.2,17.61,NNW,17.72,34.42,31.85,37.5,36.88,39.28,west,Good,0.65,0.19,0.51,0.62,28.225,30.33,26.12,7.63,10.18,75.75,0.96
4/4/2025,Friday,Saturday,24.9,32.18,58.95,52.74,Thundery showers in the afternoon.,Heavy Rain,7.79,28.78,WNW,44.4,26.84,44.62,32.14,186,33.13,east_avg_daily_psi,Good,15.88,13.65,13.86,14.65,26.575,28.74,24.41,7.69,11.45,94.77,1.57
5/4/2025,Saturday,Sunday,23.11,33.45,40.08,75.77,Late afternoon showers,Windy,6.24,12.52,NNW,45.31,34.8,63.04,46.97,51.38,64.08,central_avg_daily_psi,Moderate,9.11,2.38,6.44,6.68,26.82,28.59,25.05,8.46,11.33,109.73,3.69
6/4/2025,Sunday,Monday,25.76,32.36,66.12,61.87,Occasional afternoon showers,Windy,4.94,23.17,WNW,31.29,40.52,44.99,39.26,39.1,29.89,west_avg_daily_psi,Good,8.16,0.1,0.22,0.36,28.59,30.77,26.41,7.37,11.08,38.69,1.74
7/4/2025,Monday,Tuesday,24.44,35.12,47.23,80.29,"Cloudy with occasional light to moderate rain, clearing in the late afternoon.",Fair (Day),6.52,20.56,SW,27.69,59.34,40.69,26.54,45.5,57.05,south,Moderate,5.84,1.31,3.38,4.03,27.355,29.79,24.92,4.49,7.52,86.15,1.7
8/4/2025,Tuesday,Wednesday,24.56,32.56,69.23,46.66,Warm. Late afternoon showers.,Hazy,12.34,33.25,S,34.14,18.66,42.71,35.72,49.8,42.38,north_avg_daily_psi,Good,4.48,0.76,2.94,3.65,28.4,30.87,25.93,8.15,10.54,76.7,2.77
9/4/2025,Wednesday,Thursday,24.47,31.66,45.14,76.6,Partly cloudy except for showers in the afternoon.,Heavy Rain,15.97,21.41,SE,33.47,45.01,37.36,47.4,32.43,38.03,east_avg_daily_psi,Good,10.17,5.58,7.2,8.08,28.765,31.46,26.07,5.41,8.99,96.89,0.73
10/4/2025,Thursday,Friday,25.02,33.69,77.84,49.61,"Morning showers, afternoon thundery showers",Windy,12.67,14.69,W,41.23,51.57,42.8,53.83,39.9,27.49,central_avg_daily_psi,Good,4.93,0.63,0.85,3.23,26.875,28.53,25.22,6.03,8.53,94.14,2.39
11/4/2025,Friday,Saturday,24.15,33.72,48.43,69.05,Early hours and pre-dawn hours thundery showers,Fair & Warm,7.01,16.13,SSW,44.39,24.8,25.72,174,43.18,13.78,south,Good,13.07,0.04,0.5,1.07,26.355,28.06,24.65,7.21,10.32,17.87,2.81
12/4/2025,Saturday,Sunday,23.64,34.3,48.27,70.22,late afternoon and evening thundery showers,Heavy Showers,6.56,8.73,SW,33.47,44.47,44.25,26.7,30.38,37.87,south_avg_daily_psi,Good,2.23,0.65,1.51,2.19,26.15,28.4,23.9,7.87,9.92,26.89,1.92
13/4/2025,Sunday,Monday,25.06,33.13,44.31,78.54,Morning thundery showers and again in the afternoon.,Showers,6.56,26.24,NNE,22.49,42.16,29.6,42.85,38.16,32.57,east,Good,1.24,0.06,0.44,1.24,27.325,29.93,24.72,6.77,10.09,4.39,1.5
14/4/2025,Monday,Tuesday,24.05,35.07,47.13,74.85,Occasionally windy. Afternoon and night periods of showers.,Heavy Thundery Showers with Gusty Winds,6.48,33.11,SW,36.58,41.29,32.77,70.63,51.87,31.31,west_avg_daily_psi,Good,4.86,0.48,1.55,1.55,28.31,30.58,26.04,7.1,9.42,89.45,1.52
15/4/2025,Tuesday,Wednesday,23.73,32.37,52.48,76.1,"Windy. Moderate to heavy rain, at times with thunder.",Heavy Rain,10.17,23.46,SE,23.01,56.26,34.58,59.53,52.14,54.57,east,Moderate,1.74,0.1,0.23,0.31,28.295,30.42,26.17,5.51,9.01,88.77,1.58
16/4/2025,Wednesday,Thursday,23.95,32.69,85.51,67.26,Late morning and early afternoon passing showers,Cloudy,5.4,27.69,SSW,53.43,19.15,43.92,35.86,35.26,47.58,south,Good,10.34,6.38,8.94,9.66,27.795,30.76,24.83,7.64,10.56,77.41,4
17/4/2025,Thursday,Friday,24.23,32.49,52.66,71.82,"Predawn hours, early morning, late afternoon and evening thundery showers.",Slightly Hazy,12.68,24.1,SSE,48.12,34.51,37.61,22.35,32.5,28.27,north_avg_daily_psi,Good,3.35,0.7,1.79,2.1,29.675,32.66,26.69,6.71,10.44,61.73,0.3
18/4/2025,Friday,Saturday,23.77,32.69,77.68,51.12,Cloudy. Afternoon showers,Heavy Showers,5.88,13.09,NNW,52.58,37.61,44.82,127,43.23,23.75,central,Good,7.63,4.64,7.36,7.53,29.385,31.71,27.06,6.08,9.08,75.75,0
19/4/2025,Saturday,Sunday,25.6,33.62,44.7,87.85,Pre-dawn hours and early morning thundery showers with gusty winds.,Moderate Rain,8.27,27.42,SW,49.48,42.85,26.79,37.52,49.2,34.97,east,Good,4.56,1.58,3.84,4.06,28.335,30.68,25.99,9.01,12.83,18.42,1.8
20/4/2025,Sunday,Monday,23.45,33.04,51.46,78.12,Cloudy. Occasionally windy with periods of showers.,Light Rain,4.57,17.15,WNW,36.28,47.68,33.48,39.83,40.3,39.09,west,Good,18.59,8.3,9.49,10.23,28.07,30.24,25.9,7.18,10.93,74.39,0
21/4/2025,Monday,Tuesday,24.63,33.09,54.18,85.75,Occasionally windy. Late afternoon showers. ,Thundery Showers,15.88,21.68,ENE,39.88,9.58,38.76,43.66,38.93,50.66,east,Moderate,14.16,0.99,5.52,6.39,27.925,30.11,25.74,6.79,10.7,21.8,1.84
22/4/2025,Tuesday,Wednesday,23.42,34.2,67.74,79.85,Thundery showers in the morning.,Windy,3.43,24.31,SE,45.26,51.79,28.03,26.37,48.11,25.73,west,Good,5.14,1.25,1.82,4.6,29.105,31.55,26.66,8.16,11.85,4.4,1.45
23/4/2025,Wednesday,Thursday,23.4,33.67,26.53,55,Morning showers,Partly Cloudy (Day),6.78,21.82,ENE,31.83,39.71,36.09,31.89,38.19,39.08,north_avg_daily_psi,Good,2.97,0.18,1.42,2.39,26.88,28.46,25.3,6.71,10.22,18.09,2.01
24/4/2025,Thursday,Friday,23.82,33.27,72.73,72.01,Cloudy and occasionally windy with periods of showers.,Passing Showers,6.52,16.03,WNW,42.04,44.89,40.51,51.12,57.69,52.46,south,Moderate,11.02,1.92,3.04,5.22,26.405,28.48,24.33,5.93,8.98,82.29,0.38
25/4/2025,Friday,Saturday,23.9,33.72,50.73,73.34,Late morning and early afternoon passing showers,Fair (Day),8.6,16.41,VARIABLE,29,51.77,49.72,53.32,47.22,45.45,north,Good,9.13,0.66,1.74,2.61,28.835,31.59,26.08,6.23,10.02,56.69,1.49
26/4/2025,Saturday,Sunday,25.2,32.06,54.25,77.17,Windy. Occasional showers.,Showers,10.26,33.88,NE,35.55,43.49,41.65,42.69,45.55,60.77,east_avg_daily_psi,Moderate,8.34,1.62,2.39,2.65,27.83,30.29,25.37,7.21,10.71,47.02,0
27/4/2025,Sunday,Monday,25.07,31.84,76.56,61.57,Late afternoon thundery showers ,Light Rain,4.18,19.59,NNE,47.46,38.55,30.59,52.29,27,36.34,north,Good,7.68,0.2,1.98,3.84,27.585,30.33,24.84,7.29,9.7,11.57,2.94
28/4/2025,Monday,Tuesday,24.13,34.13,56.24,54.93,Late afternoon and evening thundery showers.,Windy,0,16.88,N,49.67,32.8,32.53,35.2,52.27,35,central,Good,5.21,1.42,1.56,3.54,29.48,32.01,26.95,5.21,7.26,78.98,1.57
29/4/2025,Tuesday,Wednesday,23.97,34.95,67.92,53.37,"Cloudy. Showers in the early and predawn hours. Thundery showers in the late morning and afternoon, heavy at times.",Passing Showers,8.49,19.42,VARIABLE,45.27,32.93,143,120,51.28,51.54,central,Moderate,10.23,1.05,2.4,3.33,30.185,32.7,27.67,6.04,8.59,128.1,2.98
30/4/2025,Wednesday,Thursday,24.61,33.59,57.65,65.47,Afternoon passing showers.,Heavy Thundery Showers with Gusty Winds,10.57,27.77,VARIABLE,29.24,31.49,51.58,34.68,23.93,47.04,east_avg_daily_psi,Good,17.71,4.71,5.86,11.72,27.935,29.44,26.43,7.22,9.89,42.53,3.49
1/5/2025,Thursday,Friday,25.64,31.82,77.2,51.83,Afternoon thundery showers clearing in the evening.,Heavy Rain,10.94,19.54,S,48.98,44.25,49.3,28.43,57.08,42.37,south_avg_daily_psi,Good,3.37,0.82,1.6,2.55,26.185,27.83,24.54,5.1,8.53,8.43,2.92
2/5/2025,Friday,Saturday,24.96,32.49,58,60.52,"Early hours, pre-dawn hours and afternoon thundery showers",Windy,16.77,20.93,NNW,31.81,49.17,34.86,48.05,36.81,30.07,south,Good,4.37,1.16,2.34,2.72,25.745,27.87,23.62,7.22,10.07,0,3.3
3/5/2025,Saturday,Sunday,24.89,34.09,64.58,86.87,"Thundery showers in the morning, clearing in the early afternoon.",Passing Showers,6.08,17.87,E,36.62,46.09,36.92,37.08,53.62,39.76,north_avg_daily_psi,Good,9.04,1.96,4.3,6.09,26.47,28.42,24.52,9.13,12.78,110.74,2.47
4/5/2025,Sunday,Monday,25,33.28,68.24,84.69,Pre-dawn hours and early morning thundery showers ,Slightly Hazy,8.74,14.5,ESE,46.99,14.21,60.44,53.47,49.1,35.83,east_avg_daily_psi,Good,7.34,2.41,6.47,6.52,26.825,28.88,24.77,5.53,8.38,76.16,2.58
5/5/2025,Monday,Tuesday,23.78,33.22,71.58,54.33,Cloudy with occasional light rain.,Slightly Hazy,9.67,16.24,SE,39.24,34.85,42.81,38.39,29.54,11.58,west_avg_daily_psi,Good,3.24,0.76,2.5,2.75,28.985,31.7,26.27,7.47,10.38,67.98,2.63
6/5/2025,Tuesday,Wednesday,24.14,31.31,62.83,76.71,Occasionally windy. Afternoon passing showers.,Heavy Thundery Showers,3.12,16.83,SE,23.5,48.21,38.87,50.89,46.36,30.47,east_avg_daily_psi,Good,13.94,4.29,5.58,13.92,27.075,29.12,25.03,7.62,10.77,64.35,1.78
7/5/2025,Wednesday,Thursday,24.64,31.98,53.01,67.74,Windy. Morning and afternoon light to moderate rain.,Passing Showers,6.02,23.92,NNE,48.86,29.77,50.72,19.55,64.12,51.58,west_avg_daily_psi,Moderate,9.67,0.3,1.96,2.13,28.59,30.49,26.69,6.17,9.17,118.94,1.55
8/5/2025,Thursday,Friday,26.38,32.28,69.97,63.95,"Afternoon passing showers, extending into the evening",Fair (Day),8.97,19.05,WNW,44.43,39.81,132,42.35,30.3,37.8,south_avg_daily_psi,Good,11.94,2.9,8.36,9.15,26.43,28.41,24.45,7.25,10.45,74.8,1.23
9/5/2025,Friday,Saturday,25.36,35.25,42.85,66.58,Occasionally windy. Afternoon and night periods of showers.,Fair (Day),12.3,14.28,S,155,27.32,42.43,71.07,31.26,30.97,central,Good,1.94,0.21,1.14,1.68,27.285,28.89,25.68,6.82,10.72,100.44,3.8
10/5/2025,Saturday,Sunday,24.32,32.79,54.91,72.88,Windy with afternoon passing showers.,Cloudy,12.97,7.57,E,38.98,26.47,44.32,25.04,50.78,40.82,west,Good,7.87,0.04,2.07,3.32,29.265,31.13,27.4,6.32,8.55,37.85,3.21
11/5/2025,Sunday,Monday,24.49,33.43,45.36,77.73,Partly Cloudy,Partly Cloudy (Day),13.28,23.83,SSW,42.28,37.76,31.38,56.09,33.77,40.94,central,Good,3.26,0.34,1.36,2.52,28.165,30.28,26.05,7.09,10.13,98.45,2.59
12/5/2025,Monday,Tuesday,25.94,32.5,33.92,67.72,Fair except for late afternoon thundery showers.,Showers,7.41,30.51,NW,41.04,24.8,50.19,44.6,39.93,41.08,east,Good,3.59,1.6,1.83,2.35,25.96,27.52,24.4,6.72,9.85,20.73,2.02
13/5/2025,Tuesday,Wednesday,24.6,31.87,60.52,73.25,Late afternoon showers ,Light Rain,4.87,18.67,NW,35.72,30.97,48.29,40.37,57.79,46.06,central,Good,8.4,1.88,2.49,6.03,27.765,29.76,25.77,4.92,7.14,24.95,4.35
14/5/2025,Wednesday,Thursday,23.9,34.45,53.14,74.99,Occasionally windy. Late afternoon and evening thundery showers.,Heavy Thundery Showers,13.04,25.67,WNW,12.6,30.27,45.04,48.56,23.91,46.63,west,Good,13.57,2.21,3.97,9.04,26.575,28.55,24.6,7,9.61,46.29,2.33
15/5/2025,Thursday,Friday,24.4,34.03,50.56,71.6,Early afternoon passing showers.,Heavy Thundery Showers,7.64,24.14,SSE,41.3,45.96,36.05,29.63,58.77,45.28,east_avg_daily_psi,Good,12.74,0.61,1.38,4.89,27.475,30.12,24.83,7.15,9.44,86.09,3.05
16/5/2025,Friday,Saturday,23.21,32.43,59.45,60.57,Late morning and afternoon thundery showers ,Light Showers,5.82,22.86,N,48.64,38.96,43.08,42.89,38.33,48.86,central_avg_daily_psi,Good,8.34,1.12,2.63,3.18,25.305,27.41,23.2,8.19,12.05,50.95,0.57
17/5/2025,Saturday,Sunday,24.7,33.75,54.57,62.49,Occasionally windy. Late afternoon thundery showers.,Hazy,7.42,20.77,SSE,33.12,39.86,31.67,35.24,20.21,29.76,west_avg_daily_psi,Good,10.98,3.01,5.31,7.96,29.92,32.19,27.65,5.85,8.45,9.52,1.7
18/5/2025,Sunday,Monday,25.27,33.65,59.51,66.41,Early hours and pre-dawn hours thundery showers,Heavy Showers,17.33,14.74,VARIABLE,55.59,38.56,25.09,24.01,32.8,40.64,east_avg_daily_psi,Good,2.57,0.26,0.8,1.59,27.26,29.28,25.24,6.19,9.38,26.33,4.27
19/5/2025,Monday,Tuesday,23.86,32.62,31.99,72.42,Fair and occasionally windy ,Windy,14.38,17.15,NE,35.24,39.69,41.37,58.19,47.63,44.39,north_avg_daily_psi,Good,3.33,1.31,1.42,2.38,27.695,29.36,26.03,9.13,12.17,32.34,3.68
20/5/2025,Tuesday,Wednesday,23.56,33.8,52.87,76.25,Predawn hours and afternoon thundery showers.,Fair (Day),8.64,12.94,NE,34.83,30.04,53.46,37.07,38.06,24.32,south,Good,11.87,1.49,8.98,10.03,27.99,30.07,25.91,6.15,9.55,0,1.89
21/5/2025,Wednesday,Thursday,25.64,32.23,66.26,77.45,Late morning and earlty afternoon thundery showers.,Showers,15.55,18.55,NNW,29.22,44.55,34.78,46.7,37.32,30.55,west_avg_daily_psi,Good,5.21,1.42,3.16,3.5,29.115,31.27,26.96,5.93,8.66,31.51,2.97
22/5/2025,Thursday,Friday,25.36,33.66,56.13,66.49,Partly cloudy,Heavy Thundery Showers with Gusty Winds,6.3,25.51,SSW,40.08,43.95,45.12,29.34,35.11,30.58,west_avg_daily_psi,Good,16.04,5.52,5.93,6.14,27.615,30.2,25.03,7.3,9.6,106.44,0.64
23/5/2025,Friday,Saturday,23.4,33.6,28.54,84.04,"Overcast and windy, with rain, heavy at times. ",Fair & Warm,6.1,12.84,WSW,40.53,29.83,47.01,47.2,34.27,36.19,east_avg_daily_psi,Good,7.45,2.61,4.59,5.55,27.975,30.53,25.42,4.9,6.96,65.09,3.51
24/5/2025,Saturday,Sunday,22.74,32.72,54.92,65.75,Late afternoon showers,Partly Cloudy (Day),9.57,37.04,SSE,36.51,40.59,49.7,39.3,60.89,25.11,south_avg_daily_psi,Good,5.66,0.81,1.67,4.09,26.595,29.3,23.89,7.67,10.43,33.13,3.95
25/5/2025,Sunday,Monday,24.27,33.75,52.69,75.27,Overcast and occasionally windy with intermittent rain.,Showers,9.88,26.19,SSW,33.01,31.63,43.44,53.12,30.14,42.38,central,Good,17.99,5.91,14.54,14.7,28.985,31.25,26.72,9.43,12.87,71.13,2.86
26/5/2025,Monday,Tuesday,23.51,34.28,57.31,81,Thundery showers in the morning.,Fair & Warm,0,28.75,SSW,38.87,58.42,34.72,34.36,40.63,47.49,east_avg_daily_psi,Good,14.78,1.61,6.32,9.85,27.545,30.03,25.06,5.79,9.53,0,3.14
27/5/2025,Tuesday,Wednesday,24.81,30.9,42.4,70.5,Early hours and pre-dawn hours thundery showers,Heavy Thundery Showers,5.9,20.75,VARIABLE,23.29,34.93,28.08,43.81,44.61,40.1,west,Good,8.28,1.57,1.58,6.04,30.36,32.79,27.93,5.68,7.82,119.1,4.98
28/5/2025,Wednesday,Thursday,24.78,34.09,43,65.1,Morning thundery showers ,Fair & Warm,4.33,22,SW,53.93,45.25,22.32,31.52,42.85,20.69,central_avg_daily_psi,Good,2.57,0.58,1.62,1.66,28.64,31.42,25.86,8.57,11.08,41.62,4.13
29/5/2025,Thursday,Friday,25.2,33.53,70.97,87.16,Showers during the early hours.,Hazy,10.67,30.09,NNE,49.06,41.85,51.61,38.81,46.69,31.34,west_avg_daily_psi,Good,8.65,0.84,2.8,4.34,27.085,29.59,24.58,8.14,10.87,38.61,5.07
30/5/2025,Friday,Saturday,25.03,32.89,63.37,64.02,Windy with afternoon occasional showers.,Showers,12.79,18.53,W,52.32,47.07,38.53,55.09,28.53,33.5,south_avg_daily_psi,Good,7.41,1.42,4.38,6.81,28.515,31.4,25.63,6.21,10.17,0,4.21
31/5/2025,Saturday,Sunday,24.84,36.32,54.93,79.08,Early hours and predawn hours thundery showers and again in the afternoon.,Heavy Rain,1.89,17.26,NNE,32.33,136,36.1,52.32,55.14,45.19,south_avg_daily_psi,Good,17.14,12.4,12.44,13.38,27.795,29.72,25.87,5.38,8.04,53.88,1.73
1/6/2025,Sunday,Monday,23.95,34.53,71.07,71.19,Occasionally windy with late afternoon passing showers.,Heavy Rain,12.96,13.42,SW,60.41,44.25,16.86,36.5,37.56,36.78,north,Good,9.77,2.03,6.74,9.31,27.65,29.39,25.91,6.94,9.97,32.39,3.67
2/6/2025,Monday,Tuesday,25.89,33.95,50.97,66.75,Morning thundery showers,Showers,1.74,29.81,N,50.77,51.24,38.72,46.98,43.14,44.65,central,Good,6.54,0.37,1.37,1.52,28.94,31.12,26.76,6.63,9.6,1.15,2.39
3/6/2025,Tuesday,Wednesday,24,32.59,61.7,70.7,"Periods of showers, heavy at times",Partly Cloudy (Day),5.59,23.94,SW,62.46,17.12,28.12,29.58,31.77,50.47,central,Moderate,4.2,0.37,1.84,1.85,30.205,31.73,28.68,8.65,11.01,27.97,0.85
4/6/2025,Wednesday,Thursday,24.19,33.27,51.77,61.72,Occasionally windy. Passing showers in the late afternoon.,Heavy Rain,4.55,12.3,SSW,44.72,44.38,44.41,195,31.42,30.04,west_avg_daily_psi,Good,12.67,5.25,5.5,10.02,26.45,29.19,23.71,9.27,12.52,31.27,2.31
5/6/2025,Thursday,Friday,22.69,33.55,51.47,72.83,Occasionally windy with passing showers.,Passing Showers,6.95,30.18,E,41.26,47.82,33.24,49.12,60.33,8.18,central,Good,8.52,0.09,0.14,2.52,29.585,31.95,27.22,6.29,9.34,16.33,1.47
6/6/2025,Friday,Saturday,24.81,33.44,60.05,78,Windy. Late afternoon showers. ,Showers,7.61,14.08,NNE,56.75,20.57,34.94,49.66,45.63,42.84,central,Good,5.8,1.46,4.26,5.44,28.63,31.09,26.17,9.31,13.02,21.12,2.8
7/6/2025,Saturday,Sunday,24.59,32.95,62.45,72.82,"Cloudy with moderate rain, heavy at times",Partly Cloudy (Day),13.04,11.52,SSW,45.45,25.98,35.29,53.38,40.66,18.83,south_avg_daily_psi,Good,10.87,3.62,7.65,8.2,26.38,28.01,24.75,5.35,9.18,107.63,4.28
8/6/2025,Sunday,Monday,23.35,31.74,68.03,80.06,Hazy and warm.,Heavy Rain,12,8.47,SW,48.86,42.98,35.11,57.88,17.24,48,west,Good,8.82,0.78,1.92,4.18,26.57,28.18,24.96,6.27,8.6,0,1.24
9/6/2025,Monday,Tuesday,23.07,33.03,65.39,51.46,Afternoon Showers  ,Heavy Rain,14.74,20.84,S,31.44,28.99,29.87,50.73,36.09,32.81,south,Good,5.97,0.69,1.1,2.9,29.305,31.72,26.89,6.87,10.62,87.6,3.78
10/6/2025,Tuesday,Wednesday,24.37,32.54,70.6,72.38,Early hours and predawn hours thundery showers and again in the afternoon.,Heavy Showers,15.49,29.18,WNW,47.49,47,52.48,48.42,49.57,40.24,south_avg_daily_psi,Good,8.52,2.99,5.75,6.77,27.975,30.82,25.13,6.06,9.6,61.19,1.56
11/6/2025,Wednesday,Thursday,24.36,32.94,70.85,59.43,Late afternoon showers.,Heavy Thundery Showers,4.68,18.52,ENE,39.72,39.59,52.05,39.01,26.83,27.09,central_avg_daily_psi,Good,11.79,0.26,3.13,11.29,27.145,29.81,24.48,7.59,11.27,31.95,1
12/6/2025,Thursday,Friday,23.44,33.21,39.7,83.52,Early hours and pre-dawn thundery showers.,Passing Showers,9.74,27.48,N,66.41,35.96,45.67,51.18,47.6,45.39,north_avg_daily_psi,Good,10.68,7.91,8.06,9.4,29.425,31.8,27.05,7,9.46,24.1,4.35
13/6/2025,Friday,Saturday,25.6,33.16,87.14,75.88,Cloudy. Light rain in the morning.,Heavy Rain,13.52,28.84,NW,38.26,37.68,36.92,34.48,24.33,43.78,west,Good,10.54,3.04,8.1,9.18,26.625,28.47,24.78,7.61,10.81,18.44,0
14/6/2025,Saturday,Sunday,23.96,32.3,63.41,80.79,"Periods of showers, heavy at times and with thunder",Fair & Warm,7.46,18.35,SSE,29.91,27.6,44.58,34.84,37.8,49.11,east_avg_daily_psi,Good,4.05,2.54,3.34,3.76,28.705,31.41,26,8.15,11.16,90.84,1.46
15/6/2025,Sunday,Monday,25.77,31.96,58.71,73.77,Afternoon Showers  ,Passing Showers,11.84,28.95,W,44.09,45.76,40.93,35.99,51.12,32.07,west,Good,5.88,3.29,4.12,4.14,27.37,29.4,25.34,9.5,11.85,96.66,2.17
16/6/2025,Monday,Tuesday,23.99,32.54,69.4,74.45,Late afternoon showers.,Light Showers,18.84,25.36,SW,125,48.98,28.29,50.19,37.7,38.02,central_avg_daily_psi,Good,3.37,1.09,2.86,3.01,29.625,32.52,26.73,5.19,7.6,18.04,4.28
17/6/2025,Tuesday,Wednesday,25.1,33.28,49.35,58.27,Cloudy.,Partly Cloudy (Day),5.64,14.78,S,35.54,33.89,40.55,55.68,37.19,42.68,east,Good,2.72,0.67,2.39,2.5,27.33,29.85,24.81,7.62,9.98,34.6,1.98
18/6/2025,Wednesday,Thursday,24.39,33.2,65.91,60.01,Cloudy with occasional light to moderate rain in the morning and afternoon.,Heavy Thundery Showers,0,18.79,NW,53.48,49.25,49.94,22.11,45.59,43.66,central_avg_daily_psi,Good,5.96,0.18,1.98,2.72,27.51,29.74,25.28,5.72,9.52,85.24,0.22
19/6/2025,Thursday,Friday,23.96,32.43,59.52,62.68,Generally fair and occasionally windy.,Heavy Thundery Showers,10.24,8.88,W,53.44,34.53,58.45,47.89,43.33,27.58,east_avg_daily_psi,Good,3.94,0.33,1.22,2.43,30.405,33.09,27.72,6.35,9.04,103.22,1.1
20/6/2025,Friday,Saturday,23.91,33.66,41.25,56.07,Morning Thundery Showers.,Hazy,5.68,11.88,NNW,52.87,35.56,51.82,25.61,35.32,36.79,west_avg_daily_psi,Good,5.67,0.25,0.59,5.04,27.7,30.63,24.77,6.31,9.61,111.89,0.5
21/6/2025,Saturday,Sunday,24.03,34.54,45.75,62.14,"Late morning and afternoon thundery showers

",Heavy Thundery Showers,7.03,19.58,VARIABLE,61.51,17.38,40.43,40.24,29.41,52.2,east_avg_daily_psi,Moderate,2.81,0.67,0.69,2.56,26.975,29,24.95,7.73,11.27,79.68,0
22/6/2025,Sunday,Monday,23.63,33.12,68.26,68.98,Occasionally windy. Afternoon passing showers,Light Showers,11.24,28.32,ENE,44.85,40.78,28.05,37.76,53.16,40.39,south_avg_daily_psi,Good,13.32,5.83,9.12,9.37,28.02,30.55,25.49,7.58,10,106.11,3.7
23/6/2025,Monday,Tuesday,23.97,36.42,59.49,60.86,Windy with passing showers in the afternoon.,Cloudy,18.2,15.43,S,44.7,43.63,49.83,34.75,43.81,31.35,west_avg_daily_psi,Good,6.11,0.1,1.17,1.4,27.235,29.51,24.96,6.95,9.16,58.48,4.65
24/6/2025,Tuesday,Wednesday,24.48,33.82,57,58.31,Partly cloudy and occasionally windy.,Heavy Showers,0.25,28.35,ESE,29.53,49.82,33.15,43.77,45.45,39.53,central_avg_daily_psi,Good,20.34,1.4,3.58,4.97,28.435,30.92,25.95,5.05,8.91,0,4.71
25/6/2025,Wednesday,Thursday,25.12,31.88,71.27,68.54,Late afternoon thundery showers ,Hazy,10.88,13.68,N,37.73,37.76,30.22,39.23,46.3,27.11,north_avg_daily_psi,Good,14.84,4.13,9.52,11.6,27.235,29.8,24.67,7.23,10.78,24.11,1.91
26/6/2025,Thursday,Friday,24.64,33.18,53.63,62.57,Late afternoon thundery showers.,Cloudy,12.46,9.88,VARIABLE,56.14,40.72,30.1,53.76,51.67,38.78,north_avg_daily_psi,Good,7.06,2.51,2.93,4.93,26.155,27.79,24.52,6.9,9.93,36.68,0.49
27/6/2025,Friday,Saturday,24.1,32.47,51.05,73.26,Early hours and predawn hours thundery showers.,Slightly Hazy,13.41,18.36,ENE,26.18,55.96,40.13,52.49,49.77,47.04,south,Good,8.64,2.79,4.46,5.28,26.57,28.86,24.28,8.01,11.01,45.04,1.93
28/6/2025,Saturday,Sunday,23.91,32.26,53.36,56.04,Afternoon thundery showers,Heavy Thundery Showers,1.26,25.63,SW,32.13,35.24,65.18,42.74,56.44,30.42,east_avg_daily_psi,Good,12.32,1.41,5.39,8.24,26.705,28.65,24.76,5.42,7.74,74.77,0.43
29/6/2025,Sunday,Monday,25.22,32.77,34.53,63.56,Occasional showers clearing in the afternoon,Moderate Rain,19.71,16.88,NE,46.33,44.16,32.18,32.99,26.19,70.33,west,Moderate,7.85,1.39,1.52,4.83,27.915,30.08,25.75,5.2,7.63,76.08,2.81
30/6/2025,Monday,Tuesday,24.72,34.12,50.44,60.31,"Windy. Periods of showers, at times with thunder.",Heavy Thundery Showers,3.86,17.4,E,50.72,29.08,50.4,27.96,51.44,49.15,south_avg_daily_psi,Good,15.59,1.3,1.62,2.51,28.575,30.42,26.73,8.51,11.37,33,4.35
1/7/2025,Tuesday,Wednesday,24.52,31.64,59.78,62.43,Occasionally windy. Afternoon thundery showers.,Partly Cloudy (Day),13.83,18.6,NNW,54.22,31.54,24.95,34.41,33.61,67.11,east_avg_daily_psi,Moderate,7.63,1.36,4.23,6.46,27.61,29.76,25.46,6.54,8.98,17.75,0
2/7/2025,Wednesday,Thursday,23.58,33.44,50.61,66.26,Partly cloudy and occasionally windy.,Showers,11.63,10.1,W,29.21,47.87,34.92,36.36,40.75,39.46,south_avg_daily_psi,Good,12.53,5.78,8.45,9.14,28.365,30.97,25.76,6.69,9.61,0,3.18
3/7/2025,Thursday,Friday,24.68,33.91,51.46,83.19,Pre-dawn and morning thundery showers,Moderate Rain,8.75,17.4,WNW,30.07,49.47,51.16,45.64,57.27,38.64,north_avg_daily_psi,Good,12.44,3.58,4.92,8.3,29.565,32.45,26.68,5.72,8.21,25.15,0
4/7/2025,Friday,Saturday,24.96,34.37,41.98,80.2,Showers,Slightly Hazy,15.14,18.48,W,35.54,54.46,32.18,36.21,42.34,25.74,north_avg_daily_psi,Good,7.45,3.37,6.61,6.94,27.2,28.93,25.47,7.04,9.19,15.72,3.83
5/7/2025,Saturday,Sunday,24.6,32.59,74.35,75.76,Partly cloudy except for showers in the afternoon.,Fair (Day),12.45,21.84,ENE,38.26,43.12,53.38,51.91,41.49,54.63,north,Moderate,11.34,0.56,1.03,8.27,26.605,29.22,23.99,9.65,12.38,61.96,0
6/7/2025,Sunday,Monday,23.36,35.06,39.48,89.99,Occasional afternoon showers,Fair (Day),0.96,24.31,WSW,25.44,42.95,46.73,60.42,30.17,45.52,north,Good,7.8,3.09,3.18,5.97,26.14,29.13,23.15,4.58,8.56,20.37,3.14
7/7/2025,Monday,Tuesday,24.22,32.66,55.15,65.9,Late afternoon and evening thundery showers ,Light Rain,10.35,18.29,W,31.16,30.07,57.71,49.74,36.5,49.98,north,Good,8.62,0.44,2.55,4.14,29.005,31.44,26.57,8.91,11.83,57.71,2.31
8/7/2025,Tuesday,Wednesday,23.98,33.79,53.96,83.33,Pre-dawn hours and early morning thundery showers.,Passing Showers,16.58,22.18,N,41.61,37.31,48.16,49.52,30.28,34.44,south_avg_daily_psi,Good,3.39,0.91,1.7,2.13,29.255,31.46,27.05,5.92,8.12,49.48,2.61
9/7/2025,Wednesday,Thursday,24.06,32.13,37.99,79.99,Late afternoon and evening thundery showers,Slightly Hazy,10.69,29.55,W,49.89,41.24,40.41,44.46,34.41,40.27,east_avg_daily_psi,Good,6.28,3.83,3.96,4.73,27.94,30.73,25.15,7.3,9.91,125.03,2.84
10/7/2025,Thursday,Friday,23.34,32.36,58.91,64.53,Late afternoon and evening thundery showers,Light Showers,8.43,24,SSW,34.26,41.64,38.17,46.57,31.45,64.49,east_avg_daily_psi,Moderate,25.1,3.98,7.92,14.66,27.99,30.99,24.99,7.38,10.85,48.27,3.85
11/7/2025,Friday,Saturday,25.24,31.46,58,72.72,Fair and occasionally windy ,Heavy Thundery Showers with Gusty Winds,6.22,30.51,N,34.18,27.95,62.02,12.7,37.64,34.63,east_avg_daily_psi,Good,5.97,0.6,2.41,3.27,27.395,28.99,25.8,7.66,11.15,0,3.77
12/7/2025,Saturday,Sunday,24.21,32.53,66.62,104.27,Cloudt. Late morning and afternoon thundery showers.,Passing Showers,8.51,31.69,SSW,38.89,44.37,47.3,23.5,52.32,45.72,west_avg_daily_psi,Good,3.26,1.1,2.15,2.36,26.895,28.69,25.1,6.78,10.66,14.42,2.99
13/7/2025,Sunday,Monday,24.01,34.09,51.64,72.16,Occasionally windy. Late afternoon and evening thundery showers.,Heavy Thundery Showers with Gusty Winds,12.08,19.74,E,34.82,30.71,54.94,30.54,48.69,31.84,east,Good,13.69,4.14,9.76,11.87,28.08,29.66,26.5,5.74,8.8,47.49,4.11
14/7/2025,Monday,Tuesday,23.57,33.76,56.01,89.91,Occasionally windy. Afternoon thundery showers.,Thundery Showers,6.48,21.26,ENE,46.13,39.54,32.36,33.36,42.69,20.61,east,Good,6.16,2.3,2.84,5.47,29.34,31.81,26.87,8.39,12.31,86.48,0.25
15/7/2025,Tuesday,Wednesday,24.24,33.93,36.55,58.08,Showers in the late afternoon,Thundery Showers,3.06,31.4,SSW,49.78,48.53,42.36,50.66,47.81,43.74,central_avg_daily_psi,Good,18.25,2.53,4.83,7.76,26.535,28.17,24.9,4.29,7.91,24.58,0
16/7/2025,Wednesday,Thursday,23.69,33.07,50.32,58.61,Pre-dawn hours and early morning thundery showers. Late afternoon thundery showers.,Partly Cloudy (Day),12.41,21.22,N,50.06,41.25,36.71,45.78,40.92,26.5,south,Good,12.01,1.41,1.54,1.65,27.69,29.24,26.14,3.53,7.4,65.37,1.41
17/7/2025,Thursday,Friday,24.74,32.97,71.42,58.71,Fair and windy,Fair & Warm,9.08,13.79,NNW,25.9,35.15,47.43,55.04,35.18,29.18,central,Good,8.88,1.41,3.77,6.97,28.515,31.39,25.64,8.35,10.7,59.88,2.69
18/7/2025,Friday,Saturday,24.85,31.8,91.92,67.54,Passing showers in the afternoon.,Heavy Thundery Showers with Gusty Winds,6.21,13.44,SW,42.17,29.7,43.3,53.83,38.18,23.9,east_avg_daily_psi,Good,2.4,0.57,0.85,1.77,26.915,28.64,25.19,6.51,9.03,119.46,6.12
19/7/2025,Saturday,Sunday,24.81,32.81,52.49,81.22,Slightly hazy.,Fair (Day),7.27,25.83,WSW,51.04,43.4,59.17,40.14,41.12,55.05,east,Moderate,13.06,2.43,3.38,5.83,28.77,30.37,27.17,5.92,7.94,28,1.32
20/7/2025,Sunday,Monday,23.68,33.5,40.01,72.71,Overcast and occasionally windy with intermittent rain.,Partly Cloudy (Day),8.72,30.63,WNW,43.58,30.03,47.15,25.72,38.6,52.88,west_avg_daily_psi,Moderate,16.13,1.73,5.06,6.56,27.755,30.26,25.25,6.22,8.77,50.83,0
21/7/2025,Monday,Tuesday,22.38,34.43,58.85,64.75,Late morning and early afternoon thundery showers. ,Heavy Thundery Showers,15.54,13.14,NW,36.19,54.19,23.04,36.28,28.73,44.39,central_avg_daily_psi,Good,11.8,6.63,6.75,10.29,28.65,30.49,26.81,6.49,10.28,103,2.78
22/7/2025,Tuesday,Wednesday,25.26,32.97,48.36,75.38,Occasionally windy. Late morning and early afternoon thundery showers.,Moderate Rain,0,14.28,VARIABLE,49.67,26,45.58,47.1,30.36,174,east,Unhealthy,5.98,1.64,4.88,5.82,28.73,31.5,25.96,7.64,9.91,18.76,2.51
23/7/2025,Wednesday,Thursday,24.94,31.88,39.78,68.03,"Periods of showers, heavy at times",Windy,11.85,24.14,SE,34.91,27.67,51.44,34.28,37.22,57.27,east_avg_daily_psi,Moderate,5.85,0.11,1.18,4.34,29.23,31.27,27.19,8.12,11.75,0,3.61
24/7/2025,Thursday,Friday,23.68,32.65,60.81,57.99,"Cloudy. Showers in the early and predawn hours. Thundery showers in the late morning and afternoon, heavy at times.",Heavy Rain,0,17.49,S,40.12,32.76,31.76,39.1,53.73,43.42,south_avg_daily_psi,Good,4.78,0.48,1.95,2.34,28.91,31.51,26.31,8.19,11.44,0,0
25/7/2025,Friday,Saturday,24.92,32.06,55.91,57.48,Afternoon showers,Showers,5.55,31.37,SSE,37.57,38.88,53.1,45.98,33.4,64.26,north_avg_daily_psi,Moderate,6.16,2.01,5.39,6.01,28.405,30.45,26.36,5.81,8.02,61.47,1.25
26/7/2025,Saturday,Sunday,24.64,33.37,46.53,62.47,Predawn hours and early morning thundery showers with gusty wind.,Light Showers,13.52,22.24,W,31.05,50.97,28.05,39.2,115,40.16,west,Good,7.7,1.22,1.53,1.74,28.71,30.98,26.44,7.54,11.54,50.75,3.47
27/7/2025,Sunday,Monday,24.13,32.1,57.56,78.06,Late morning thundery showers.,Windy,11.75,24.36,SSE,40.47,36.09,27.63,34.81,25.4,35.57,north_avg_daily_psi,Good,5.66,0.91,3.55,4.49,26.78,28.3,25.26,9.57,12.89,85.5,2.66
28/7/2025,Monday,Tuesday,23.7,34.13,54.4,79.06,Cloudy. Occasionally windy with periods of showers.,Fair (Day),18.53,15.19,NW,34.63,43.2,40.87,30.52,42.83,25.52,central_avg_daily_psi,Good,6.66,0.08,3.55,3.92,28.005,30.19,25.82,6.66,10.21,82.83,1.33
29/7/2025,Tuesday,Wednesday,24.85,32.66,59.22,81.26,Afternoon and evening thundery showers ,Partly Cloudy (Day),11.07,16.59,VARIABLE,21.14,38.28,34.57,45.24,35.11,28.68,south,Good,11.92,3.88,8.17,11.76,28.93,31.28,26.58,7.25,9.74,102.06,4.13
30/7/2025,Wednesday,Thursday,23.82,34.84,73.55,74.89,Late morning early afternoon thundery showers.,Slightly Hazy,14.15,19.36,N,55.46,34.95,65.32,39.19,32.13,41.4,north,Good,3.08,0.27,2.65,2.95,28.455,30.4,26.51,7.74,9.78,46.17,1.72
31/7/2025,Thursday,Friday,22.35,35.35,51.92,71.75,Cloudt. Late morning and afternoon thundery showers.,Light Rain,8.48,26.78,SSW,43.47,45.35,44.8,41.04,32.98,37.44,south_avg_daily_psi,Good,8.85,4.04,4.41,5,27.07,28.83,25.31,8.26,11.8,123.37,2.53
1/8/2025,Friday,Saturday,25.13,34.05,63.88,81.31,Predawn hours and afternoon thundery showers.,Showers,6.01,16.87,NW,38.99,48.02,30.26,50.06,35.22,135,east_avg_daily_psi,Unhealthy,3.73,0.7,1.34,1.66,28.205,31.04,25.37,7.12,11,107.58,4.02
2/8/2025,Saturday,Sunday,24.77,33.4,49.17,56.58,Morning showers. Late afternoon thundery showers.,Fair (Day),15.39,9.3,NNW,50.6,48.79,34.68,52.6,49.6,47.21,east,Good,7.38,1.62,1.99,3.44,26.435,29.18,23.69,7.34,9.54,26.47,1.87
3/8/2025,Sunday,Monday,24.59,32.79,75.96,69.68,Late morning and early afternoon  thundery showers,Heavy Thundery Showers with Gusty Winds,4.1,29.78,SSW,43.3,198,41.57,46.84,38.91,35.01,north_avg_daily_psi,Good,5.9,2.71,3.82,5.78,27.405,29.37,25.44,6.43,9.86,64.29,1.3
4/8/2025,Monday,Tuesday,24.55,32.14,65.18,63.96,Late morning and early afternoon passing showers,Partly Cloudy (Day),14.34,26.74,NNW,30.81,38.56,26.66,44.05,20.73,22.69,north_avg_daily_psi,Good,12.1,0.09,1.63,4.82,26.92,28.54,25.3,7.65,10.36,39.45,0.96
5/8/2025,Tuesday,Wednesday,23.4,30.75,58.1,73.06,Early hours and pre-dawn hours thundery showers,Moderate Rain,9.12,21.34,S,36.24,19.07,32.25,47.66,33.43,39.32,central,Good,13.3,3.25,5.07,7.31,25.905,27.61,24.2,6.72,10.62,104.82,1.97
6/8/2025,Wednesday,Thursday,23.9,32.82,72.13,64.67,Afternoon and evening thundery showers,Slightly Hazy,4.65,25.39,VARIABLE,30.76,38.24,29.81,22.2,37.33,48.8,central,Good,5.66,3.17,3.69,5.43,26.815,28.57,25.06,6.22,8.32,45.01,0
7/8/2025,Thursday,Friday,24.86,34.4,45.7,79.25,Late morning and early afternoon thundery showers. ,Cloudy,10.42,10.22,WSW,47.95,23.63,47.37,28.3,34.24,48.27,east_avg_daily_psi,Good,4.78,3.26,3.56,4.54,27.04,28.87,25.21,7.59,11.31,0,4.17
8/8/2025,Friday,Saturday,24.66,31.41,35.23,62.41,"Afternoon passing showers, extending into the evening",Moderate Rain,7.72,23.06,NE,41.78,32.06,32,41.55,14,38.89,east,Good,7.49,2.13,5.58,7.19,27.575,30.11,25.04,6.59,9.05,76.06,1.3
9/8/2025,Saturday,Sunday,23.17,31.54,48.93,57.71,Early hours and predawn hours thundery showers with gusty winds.,Moderate Rain,9.43,22.24,NW,43.95,52.14,47.39,38.96,47.77,54,north,Moderate,2.32,1.22,1.35,2.04,28.04,29.98,26.1,6,8.8,54.17,2.77
10/8/2025,Sunday,Monday,23.72,32.22,23.63,62.64,Cloudy. Afternoon showers,Light Showers,5.48,14.46,W,35,43.4,54.75,42.36,48.56,43.71,north,Good,9.38,2.04,2.74,3.9,26.185,28.64,23.73,6.59,9.41,80.9,3.97
11/8/2025,Monday,Tuesday,25.21,33.23,72.47,74.12,Cloudy and windy with light rain in the morning.,Passing Showers,10.86,18.14,NNE,52,37.7,36.11,55.56,49.24,36.32,west,Good,7.44,2.12,3.04,5.55,28.31,30.78,25.84,7.9,10.13,43.5,2.37
12/8/2025,Tuesday,Wednesday,24.12,32.9,57.45,48.91,Slightly hazy and warm.,Hazy,7.35,23.55,ESE,53.59,51.73,31.43,19.83,55.67,43.35,north,Good,13.52,0.18,1.49,7,27.055,28.62,25.49,7.54,10.38,80.81,2.52
13/8/2025,Wednesday,Thursday,24.41,32.89,65.47,74.88,Late afternoon showers,Fair & Warm,7.39,22.33,NE,46.7,47.86,52.95,32.94,41.84,37.68,east,Good,6.41,1.95,3.14,3.26,26.145,28.42,23.87,7.29,11.09,66.5,4.89
14/8/2025,Thursday,Friday,23.86,33.22,68.83,77,Thundery showers over many areas in the late morning and afternoon. ,Showers,10.76,14.57,NE,19.2,19.42,38.05,38.83,23.8,59.93,north_avg_daily_psi,Moderate,7.42,4.1,5.23,7.14,30.37,33.08,27.66,10.79,13.14,76.64,0
15/8/2025,Friday,Saturday,23.59,32.22,36.7,66.63,Cloudy with occasional showers.,Heavy Showers,9.12,16.19,NE,22.85,32.81,36.38,54.58,48.94,39.9,west_avg_daily_psi,Good,13.44,3.62,4.4,5.22,28.75,31.25,26.25,6.64,10.22,48.33,2.64
16/8/2025,Saturday,Sunday,23.97,33.45,60.96,62.37,Fair and Warm,Light Showers,12.34,30.84,WSW,102,51.87,39.91,52.39,34.88,25.6,south_avg_daily_psi,Good,7.27,0.47,2.91,3.83,28.225,30.95,25.5,6.16,8.85,44.26,2.31
17/8/2025,Sunday,Monday,23.87,32.28,47.96,68.84,Fair and windy.,Hazy,18.06,18.57,SSW,31.61,32.13,30.45,16.09,40.22,37.98,north_avg_daily_psi,Good,3.91,0.55,2.06,3.44,28.205,30.2,26.21,5.6,9.16,0,3.1
18/8/2025,Monday,Tuesday,24.51,32.21,44.37,74.15,Pre-dawn and early morning thundery showers with gusty winds.,Passing Showers,16.78,12.22,WNW,45.72,33.78,41.62,34.69,42.73,40.34,east_avg_daily_psi,Good,5.19,3.08,3.51,3.63,27.41,29.36,25.46,7.25,9.3,0.45,0.49
19/8/2025,Tuesday,Wednesday,25.22,32.67,57.08,73.16,Occasionally windy with passing showers.,Passing Showers,4.14,22.69,VARIABLE,40.28,49.11,40.15,32.73,52.63,31.97,west_avg_daily_psi,Good,7.24,2.76,3.38,6.52,30.085,32.46,27.71,7.59,10.99,50.06,3.89
20/8/2025,Wednesday,Thursday,25.92,34.97,65.49,87.71,Occasionally windy. Late afternoon thundery showers.,Partly Cloudy (Day),10.97,13.42,SSW,43.86,34.44,38.19,35.56,32.49,45.69,west_avg_daily_psi,Good,1.66,0.53,0.97,1.21,27.605,30.42,24.79,8.04,11.29,80.46,3.28
21/8/2025,Thursday,Friday,24.2,34.62,39.8,72.22,Partly cloudy and occasionally windy,Partly Cloudy (Day),7.95,15.92,VARIABLE,34.63,17.88,26.25,48.7,55.54,38.71,north_avg_daily_psi,Good,6.14,1.14,2.09,2.19,26.995,29.01,24.98,7.23,9.41,42.42,2.14
22/8/2025,Friday,Saturday,25.31,34.1,49.5,68.6,Fair and occasionally windy ,Windy,5.29,15.59,SE,27.68,48.97,33.37,44.3,45.16,32.52,north,Good,12.72,2.26,5.83,10.41,28.55,31.5,25.6,6.83,10.53,82.93,5.84
23/8/2025,Saturday,Sunday,23.74,31.94,56.22,88.02,Pre-dawn thundery showers with gusty winds.,Passing Showers,13.11,23.58,WNW,38.99,27.64,52.87,26.05,42.25,36.57,south,Good,4.65,1.68,3.04,3.14,27.535,30.26,24.81,6.9,10.7,42.26,0
24/8/2025,Sunday,Monday,23.73,33.52,51.24,68.09,"Early hours, pre-dawn hours and afternoon thundery showers",Hazy,13.61,9.87,SW,36.12,45.13,39.07,44.27,50.48,22.14,east,Good,4.27,1.19,1.23,2.05,28.115,30.88,25.35,7.18,10.89,21.19,0.87
25/8/2025,Monday,Tuesday,23.29,32.22,73.82,59.06,Fair except for afternoon showers mainly over northern and eastern Singapore.,Showers,7.39,19,NNW,41.97,48.79,20.59,35.56,53.94,43.85,central_avg_daily_psi,Good,8.06,1.11,3.17,6.8,28.455,31.23,25.68,5.06,8.32,77.97,0
26/8/2025,Tuesday,Wednesday,24.94,31.74,65.74,86.02,Afternoon thundery showers,Fair & Warm,10.17,17.6,VARIABLE,48.04,52.63,49.77,41.94,28.91,43.64,central_avg_daily_psi,Good,1.83,1.19,1.57,1.61,27.535,29.68,25.39,7.98,11.9,50.78,2.39
27/8/2025,Wednesday,Thursday,24.29,33.36,62.79,82.71,Cloudy and occasionally windy with periods of showers.,Moderate Rain,8.81,24.59,E,37,44.82,38.63,47.13,36.07,36.16,north,Good,2.56,1.68,2.22,2.41,27.515,29.58,25.45,7.47,9.61,36.24,3.81
28/8/2025,Thursday,Friday,24.66,33.44,54.08,85.3,"Morning showers, afternoon thundery showers",Light Showers,3.49,30.26,N,24.8,29.3,28.58,45.98,31.22,38.28,central,Good,5.47,3.14,3.78,4.93,27.575,29.93,25.22,7.39,10.78,0,4.23
29/8/2025,Friday,Saturday,24.74,33.94,50.06,82.44,Morning thundery showers,Hazy,11.51,8.37,W,49.27,55.71,42.99,42.71,56.69,51.45,central,Moderate,5.67,1.44,4.02,5.62,26.9,28.89,24.91,5.76,8.24,37.4,4.96
30/8/2025,Saturday,Sunday,25.17,32.38,71.42,62.51,"Overcast and windy, with moderate to heavy rain. ",Moderate Rain,14.33,17.32,NNE,41.1,66.59,39.55,34.41,24.35,37.26,east,Good,13.48,3.96,7.55,10.07,28.775,30.38,27.17,7.15,9.36,44.66,4.05
31/8/2025,Sunday,Monday,25.19,32.48,73.27,68.86,Early afternoon thundery showers.,Moderate Rain,10.13,24.82,SE,55.05,19.96,40.31,22.07,34.92,38.61,west,Good,3.06,0.89,1.19,1.59,30.135,32.3,27.97,8.29,11.85,57.04,0.44
1/9/2025,Monday,Tuesday,22.91,33.41,78.27,68.66,Fair ,Light Showers,12.36,10.28,NNW,44.17,45.41,49.58,56.55,41.64,27.15,central_avg_daily_psi,Good,4.98,1.89,2.23,2.36,25.41,27.19,23.63,4.82,7.08,57.35,0
2/9/2025,Tuesday,Wednesday,24.85,33.98,65.82,80.98,Occasionally windy. Late morning and early afternoon thundery showers.,Fair & Warm,8.86,13.4,SSE,34.38,30.98,21.65,46.41,32.32,43.64,east_avg_daily_psi,Good,10.63,2.38,3.52,5.21,25.43,27.22,23.64,5.17,8.34,56.83,3.98
3/9/2025,Wednesday,Thursday,25.7,31.81,58.91,73.1,Hazy and warm.,Cloudy,10.7,21.83,ENE,46.61,39.9,49.37,38.24,30.47,37.71,south,Good,7.25,1.24,1.69,4.88,27.84,30.46,25.22,6.32,8.67,44.62,4.99
4/9/2025,Thursday,Friday,24.74,32.6,47.72,82.4,Late morning and early afternoon thundery showers ,Thundery Showers,4.44,29.05,NNW,15.75,54.34,35.14,22.62,34.11,16.56,north,Good,12.15,7.75,8.28,8.39,28.78,31.68,25.88,6.95,9.36,50.95,3.58
5/9/2025,Friday,Saturday,24.68,32.14,41.56,85.87,Partly cloudy except for showers in the afternoon.,Slightly Hazy,12.83,18.94,N,49.69,52.38,50.45,49.09,48.11,41.54,north,Good,3.8,2.85,3.01,3.17,28.325,29.92,26.73,7.16,10.39,55.26,2.12
6/9/2025,Saturday,Sunday,24.1,31.72,65.8,70.25,Windy. ,Heavy Thundery Showers,5.34,24.3,NW,36.06,44.69,46.78,31.62,36.78,51.19,west_avg_daily_psi,Moderate,5.71,1.26,2.13,4.32,27.645,29.88,25.41,7.37,10.28,65.72,4.73
7/9/2025,Sunday,Monday,24.49,34.57,71.1,66.17,Occasionally windy. Pre-dawn hours and early morning thundery showers.,Fair & Warm,11.09,14.91,WSW,35.25,48.34,41.11,38.44,32.35,35.05,south,Good,10.55,3.18,5.35,6.54,27.905,30.13,25.68,6.51,8.64,51.38,2.82
8/9/2025,Monday,Tuesday,24.85,32.57,68.59,68.71,"Thundery showers in the morning, clearing in the early afternoon.",Moderate Rain,12.7,21.39,ESE,33.07,31.99,31.35,54.08,37.92,56.94,central,Moderate,4.21,2.19,2.6,3.07,26.515,28.48,24.55,4.33,7.72,84.57,3.1
9/9/2025,Tuesday,Wednesday,23.99,34.01,57.89,63.96,Fair and windy,Heavy Showers,14.88,16.69,SSE,39.74,30.71,38.3,34.82,20.03,58.36,north,Moderate,6.57,1.26,5.7,6.37,28.845,30.46,27.23,6.81,9.88,84.38,3.85
10/9/2025,Wednesday,Thursday,24.03,34.46,55.97,89.43,Morning thundery showers ,Fair & Warm,1.89,20.15,SW,56.27,16.15,55.69,49.85,52.88,17.82,south_avg_daily_psi,Good,7.3,2.03,4.31,7.22,29.07,32.05,26.09,5.56,8.85,20.66,0.66
11/9/2025,Thursday,Friday,24.29,35.38,63.89,63.98,Pre-dawn hours and morning thundery showers.,Heavy Showers,12.54,13.86,W,53.83,45.38,25.76,27.43,29.6,44.53,north,Good,10.19,1.74,2.64,8.08,26.84,29.52,24.16,4.95,8.47,53.97,1.54
12/9/2025,Friday,Saturday,24.59,31.01,57.12,64.55,"Overcast and windy, with rain, heavy at times. ",Heavy Thundery Showers,10.09,12.73,SW,52.23,49.37,43.42,52.67,43.72,34.72,east_avg_daily_psi,Good,4.72,0.44,1.04,2.83,27.065,29.22,24.91,5.73,8.28,65.03,4.63
13/9/2025,Saturday,Sunday,24.26,32.4,64.24,59.68,Thundery showers with gusty winds in the early hours.,Thundery Showers,10.5,10.92,SE,47.06,33.44,19.41,54.33,24.26,34.16,north_avg_daily_psi,Good,3.74,3,3.21,3.49,26.78,28.94,24.62,4.55,6.88,104.66,2.16
14/9/2025,Sunday,Monday,24.95,33.36,53.67,76.07,Occasional showers clearing in the afternoon,Windy,8.23,25.45,NW,55.23,35.27,36.09,38.29,48.08,28.98,east,Good,8.57,1.79,5.77,6.05,27.82,30.74,24.9,6.97,10.85,110.07,1.81
15/9/2025,Monday,Tuesday,24.14,32.05,38.64,75.12,"Afternoon passing showers, extending into the evening",Hazy,4.99,14.33,W,61.4,49.13,32.52,29.66,32.18,39.97,south_avg_daily_psi,Good,5.65,1.31,3.64,4.73,29.735,32.64,26.83,5.92,9.61,26.71,2.43
16/9/2025,Tuesday,Wednesday,25.81,33.96,47.59,61.55,"Predawn hours, early morning, late afternoon and evening thundery showers.",Cloudy,7.03,10.51,SW,28.1,27.6,61.9,28.61,37.98,34.75,south,Good,5.49,0.21,0.34,3.57,30.49,32.61,28.37,8.65,12.39,57.63,3.94
17/9/2025,Wednesday,Thursday,22.58,33.35,50.13,74.01,Occasional showers in the afternoon,Heavy Showers,5.07,23.52,NNW,44.5,54.32,51.92,67.58,40.32,31.79,east_avg_daily_psi,Good,5.05,0.54,1.12,2.13,27.96,30.46,25.46,9.09,12.74,74.88,1.26
18/9/2025,Thursday,Friday,23.33,30.9,48.82,46.49,Partly cloudy,Light Showers,5.13,16.65,NNW,39.76,32.84,40.69,43.9,32.09,37.79,south_avg_daily_psi,Good,12.21,2.94,4.36,5.64,27.59,29.36,25.82,8.36,10.59,59.93,1.15
19/9/2025,Friday,Saturday,24.66,31.04,47.48,75.2,Early hours and predawn hours thundery showers with gusty wind.,Moderate Rain,10.49,13.03,NW,26.35,35.7,44.83,44.88,41.69,39.36,east,Good,4.11,1.34,2.13,2.64,26.895,29.56,24.23,6.62,9.33,71.54,0.66
20/9/2025,Saturday,Sunday,23.92,34.38,42.39,83.91,"Windy. Periods of showers, at times with thunder in the afternoon and night.",Heavy Showers,11.43,30.92,N,28.37,47.86,34.76,45.68,30.37,37.03,central_avg_daily_psi,Good,11.85,4.25,5.47,11.54,27.06,28.89,25.23,7.75,10.01,15.85,1.77
21/9/2025,Sunday,Monday,24.4,31.84,64.3,79.22,Afternoon  showers,Windy,16.65,22.53,NNE,41.53,42.19,52.78,42.35,50.58,36.26,central,Good,10.82,5.9,6.71,8.9,28.865,31.45,26.28,8.35,12.34,62.09,2.43
22/9/2025,Monday,Tuesday,24.42,33.9,54.8,58.98,Occasionally windy. Afternoon showers.,Heavy Showers,4.49,13.41,SSE,39.94,37.7,39.93,41.22,39.83,52.42,north_avg_daily_psi,Moderate,12.86,4.66,6.13,9.7,28.35,30.18,26.52,9.21,12.03,40.58,0
23/9/2025,Tuesday,Wednesday,25.62,32.09,46.75,68.6,Morning occasional showers at times with thunder.,Light Showers,14.22,18.8,ENE,49.47,55.6,31.62,28.34,46.1,56.97,west,Moderate,7.13,1.58,3.69,4.73,27.595,29.71,25.48,7.53,9.63,3.62,2.85
24/9/2025,Wednesday,Thursday,26.87,31.12,43.31,71.81,Pre-dawn and early morning thundery showers,Windy,12.31,22.75,SSW,58.96,55.05,34.87,29.69,39.27,40.4,central,Good,9.23,2.07,3.67,4.78,28.72,31.38,26.06,5.79,9.18,91.04,4.31
25/9/2025,Thursday,Friday,23.71,33.17,58.42,78.98,Predawn hours and afternoon thundery showers.,Heavy Thundery Showers with Gusty Winds,10.89,17.31,N,31.05,34.13,47.9,36.94,31.13,40.7,south_avg_daily_psi,Good,14.86,1.4,2.19,3.87,27.595,29.42,25.77,5.3,8.57,15.54,0.92
26/9/2025,Friday,Saturday,25.58,34.6,36.88,83.86,Fair except for showers in the early afternoon.,Showers,10.18,22.8,W,42.5,40.04,33.85,41.6,28.17,40.73,north,Good,6.74,3.7,4.32,5.14,27.045,28.92,25.17,6.88,9.41,37.37,2.78
27/9/2025,Saturday,Sunday,25.57,32.84,82.96,56.65,Pre-dawn hours and early morning thundery showers ,Heavy Showers,12.21,28.33,SE,32.83,29.17,32.31,24.21,50.52,30.51,east,Good,10.15,4.52,5.02,5.4,27.15,28.77,25.53,6.91,9.02,89.21,0.73
28/9/2025,Sunday,Monday,23.37,33.19,49.35,60.05,Occasionally windy with late morning and early afternoon passing showers.,Hazy,11.79,19.59,SSE,22.64,51.84,31.1,42.66,47.88,48.73,south,Good,1.09,0.63,0.86,1.09,26.825,28.59,25.06,7.32,10.5,85.63,1.73
29/9/2025,Monday,Tuesday,23.25,32.61,31.79,81.56,Fair.,Slightly Hazy,14.9,17.92,SSE,40.94,40.85,45.15,51.23,47.07,51.6,east_avg_daily_psi,Moderate,8.74,1.2,3.24,4.05,29.845,32.27,27.42,5.42,9.17,67.84,2.54
30/9/2025,Tuesday,Wednesday,23.75,35.73,74.68,47.57,Fair and windy,Showers,5.18,28.92,NNW,37.6,44.69,35.5,38.37,30.42,42.82,west,Good,3.75,0.25,1.7,2.57,27.955,30.38,25.53,10.36,13.65,42.36,1.57
1/10/2025,Wednesday,Thursday,25.75,35.25,55.15,77.66,Windy. Afternoon thundery showers.,Windy,12.14,38.74,NNW,58.46,47.75,38.6,54.37,54.06,37.08,north_avg_daily_psi,Good,8.48,1.92,5.96,8.4,27.475,29.15,25.8,6.34,8.81,10.49,1.63
2/10/2025,Thursday,Friday,25.16,33.59,42.9,77.11,Early hours and predawn hours thundery showers with gusty wind.,Heavy Thundery Showers,6.86,28.84,S,28.18,40.32,42.99,48.44,39.88,31.72,central_avg_daily_psi,Good,6.96,1.06,2.65,5.4,28.28,29.86,26.7,5.58,8.01,90.03,0.87
3/10/2025,Friday,Saturday,23.63,34.7,66.96,72.99,Occasionally windy with afternoon thundery showers.,Heavy Thundery Showers with Gusty Winds,11.76,23.84,W,21.91,42.81,38.66,61.61,28.47,29.78,north,Good,8.24,3.78,3.8,5.7,26.575,29.12,24.03,7.08,10.1,88.98,0
4/10/2025,Saturday,Sunday,23.76,33.39,57.08,73.05,Cloudy and windy with light rain in the morning.,Light Showers,4.42,26.46,SSW,51.16,29.48,45.01,35.55,41.8,52.38,east_avg_daily_psi,Moderate,3,0.26,0.36,1.99,28.095,31.07,25.12,5.46,7.81,50.43,0.81
5/10/2025,Sunday,Monday,24.02,32.04,62.16,59.02,Occasionally windy,Partly Cloudy (Day),5.01,15.17,SW,40.15,43.7,38.65,41.97,24.29,54.93,central_avg_daily_psi,Moderate,14.67,3.65,6.95,8.58,27.26,29.34,25.18,8.9,11.96,34.71,1.63
6/10/2025,Monday,Tuesday,24.15,32.74,52.37,62.41,Fair & occasionally windy,Heavy Rain,15.37,10.43,SW,49.19,44.62,43.23,34.76,46.48,45.91,south_avg_daily_psi,Good,9.94,2.19,2.36,4.76,28.49,30.95,26.03,5.41,9.11,34.68,2.35
7/10/2025,Tuesday,Wednesday,25.5,33.84,59.11,73.91,Pre-dawn hours and early morning thundery showers ,Moderate Rain,11.88,21.08,NNW,34.12,46.24,121,32.19,12.51,53.48,west_avg_daily_psi,Moderate,13.41,2.13,5.66,12.82,28.72,30.57,26.87,5.87,7.91,60.8,3.72
8/10/2025,Wednesday,Thursday,24.39,31.29,45.17,75.5,Pre-dawn hours and morning thundery showers.,Hazy,6.73,21.88,N,45.74,48.49,61.61,37.83,42.3,34.79,south_avg_daily_psi,Good,10.75,3.08,6.27,8.26,26.505,28.97,24.04,7.67,11.36,30.92,0.16
9/10/2025,Thursday,Friday,25.07,33.5,57.06,65.22,Morning thundery showers,Fair & Warm,13.06,12.42,NNW,51.81,49.64,31.27,49.91,33.09,45.44,west_avg_daily_psi,Good,5.91,0.84,3.26,5.58,25.77,27.5,24.04,7.12,10.07,19.52,3.81
10/10/2025,Friday,Saturday,23.8,33.35,64.43,76.41,Pre-dawn hours and early morning thundery showers,Windy,12.67,9.4,N,32.28,57.4,39.8,43.35,199,37.87,south,Good,16.02,1.57,3.71,3.95,27.79,29.45,26.13,7.63,11.36,22.63,3.97
11/10/2025,Saturday,Sunday,23.86,33.03,64.23,66.96,Early hours and predawn hours thundery showers with gusty winds.,Passing Showers,2.52,18.72,SSE,54.39,47.99,39.26,60.9,33.56,38.32,north_avg_daily_psi,Good,6.83,0.78,1.02,2.07,26.09,28.13,24.05,7.22,10.98,81.47,4.23
12/10/2025,Sunday,Monday,23.3,33.79,47.26,52.87,Cloudy and occasionally windy with periods of showers.,Slightly Hazy,15.01,21.57,NNE,42.6,46.96,51.84,40.84,37.09,26.97,south_avg_daily_psi,Good,12,2.03,3.77,5.48,29.69,32.31,27.07,6.87,10.49,56.57,0.53
13/10/2025,Monday,Tuesday,23.83,33.85,62.33,87.08,Morning thundery showers with gusty winds.,Showers,8.05,20.13,W,47.75,30.55,33.19,50.09,49.93,40.34,east,Good,6.99,0.42,0.46,0.57,26.54,28.28,24.8,6.45,9.18,53.82,2.51
14/10/2025,Tuesday,Wednesday,26.15,33.4,66.68,69.76,Occasional showers in the afternoon,Thundery Showers,6.88,16.18,N,27.97,46.04,47.31,27.31,31.99,45.07,north,Good,4.28,0.18,3.53,4.26,27.315,30.16,24.47,7.45,9.57,27.32,0.47
15/10/2025,Wednesday,Thursday,25.01,33.21,57.53,62.88,Partly cloudy except for showers in the afternoon.,Moderate Rain,2.58,17.25,S,40.56,31.98,42.03,33.72,54.13,46.66,central_avg_daily_psi,Good,4.86,0.15,1.64,1.94,27.165,30.01,24.32,8.4,11.84,125.35,1.68
16/10/2025,Thursday,Friday,23.48,33.42,77.66,71.76,Cloudy and windy with occasional light to moderate rain. ,Moderate Rain,12.58,18.35,W,33.85,52.16,15.51,18.61,41.23,55.63,west,Moderate,6.41,2.62,3.01,5.03,27.435,29.65,25.22,7.7,10.76,102.16,4.87
17/10/2025,Friday,Saturday,25.1,33.29,57.16,87.98,Cloudy with occasional showers,Windy,9.08,19.29,NW,35.15,44.57,51.97,44.08,49.23,38.54,central_avg_daily_psi,Good,6.67,1.25,3.8,5.62,25.085,26.61,23.56,5.78,9.65,72.33,0.51
18/10/2025,Saturday,Sunday,25.09,33.01,52.07,64.64,Afternoon passing showers ,Cloudy,12.21,24.48,VARIABLE,27.79,24.66,44.03,44.53,38.97,31.94,west_avg_daily_psi,Good,6.36,0.71,2.77,5.71,27.75,29.84,25.66,8.14,12.05,59.26,0.66
19/10/2025,Sunday,Monday,25.37,32.57,53.96,68.26,Slightly hazy. Late morning and early afternoon thundery showers.,Passing Showers,8.9,13.52,SSW,50.28,58.87,43.61,34.91,45.47,32.85,north,Good,9.85,5.93,6.39,7.46,25.925,28.39,23.46,6.26,9.89,36.07,0
20/10/2025,Monday,Tuesday,24.35,32.46,30.96,61.4,Morning thundery showers with gusty winds,Partly Cloudy (Day),14.52,22.52,SSW,46.78,31.66,37.66,61.18,24.27,32.64,south,Good,6.47,0.6,1.71,4.02,24.43,25.97,22.89,5.31,7.68,30.73,2.07
21/10/2025,Tuesday,Wednesday,25.78,34.61,60.09,86.81,Afternoon showers,Slightly Hazy,8.35,9.41,SSW,44.29,42.39,53.28,30.34,37.44,29.91,south_avg_daily_psi,Good,7.25,1.84,2.94,6.75,29.24,31.17,27.31,4.81,8.38,34,1.72
22/10/2025,Wednesday,Thursday,25.75,34.62,51.56,72.75,Windy. Showers in the late morning and early afternoon.,Heavy Rain,12.24,18.52,SW,44.93,32.6,31.09,51.23,34.96,44.35,east_avg_daily_psi,Good,6.99,3.55,5.66,5.71,26.97,28.9,25.04,6.09,8.73,42.63,3.03
23/10/2025,Thursday,Friday,23.74,33.56,52.16,72.44,Occasionally windy with afternoon passing showers.,Partly Cloudy (Day),11.22,20.2,NNW,19.11,38.92,153,31.08,32.14,44.35,west_avg_daily_psi,Good,2.81,1.67,1.68,2.03,28.585,30.64,26.53,6.69,10.22,73.99,0
24/10/2025,Friday,Saturday,25.35,33.89,52.2,72.2,Afternoon thundery showers,Heavy Rain,6.26,18.16,WSW,42.97,50.26,43.72,38.55,32.59,45.69,east,Good,4.58,0.75,4.5,4.53,28.83,30.99,26.67,7.6,10.63,37.36,0.53
25/10/2025,Saturday,Sunday,24.7,33.12,55.85,79.45,Pre-dawn and early morning thundery showers.,Thundery Showers,7.99,16.95,SW,36.24,39.45,35.57,26.86,25.68,40.63,east,Good,1.34,0.3,0.31,0.67,27.385,30.33,24.44,7.3,11.17,80.33,4.44
26/10/2025,Sunday,Monday,25.55,33.49,68.01,78.05,"Windy. Periods of rain, heavy at times.",Moderate Rain,13.13,32.41,VARIABLE,51.44,40.61,27.69,48.27,35.25,120,central,Unhealthy,24.58,1.85,2.28,3.05,27.625,29.67,25.58,6.87,9.69,0,0.21
27/10/2025,Monday,Tuesday,25.15,32.49,38.6,70.29,Pre-dawn hours and early morning  thundery showers,Fair (Day),11.8,25.49,WSW,40.38,38.72,50.58,28.16,41.69,41.06,west,Good,10.24,7.18,9.39,9.67,28.195,30.5,25.89,5.11,7.6,108.46,1.39
28/10/2025,Tuesday,Wednesday,25.78,34.06,38.18,69.25,Occasionally windy. Afternoon thundery showers.,Heavy Rain,6.66,19.24,WSW,38.55,39.85,36.25,34.15,24.57,40.74,west_avg_daily_psi,Good,9.15,3.9,7.83,7.84,28.055,30.78,25.33,6.15,9.11,61.8,2.17
29/10/2025,Wednesday,Thursday,24.92,34.2,51.72,70.71,Occasionally windy. Late afternoon and evening thundery showers. ,Passing Showers,8.68,15.05,ESE,42.22,39.73,41.42,26.55,15.44,26.47,central,Good,3.51,0.36,2.62,2.66,27.61,29.97,25.25,5.68,9.51,75.46,1.5
30/10/2025,Thursday,Friday,23.92,32.55,60.95,90.69,Pre-dawn hours and early morning thundery showers.,Passing Showers,13.99,24.2,W,26.29,47.65,53.48,36.54,40.74,39.22,south_avg_daily_psi,Good,10.66,0.9,2.29,4.3,28.08,30.54,25.62,7.46,11.36,43.45,1.98
31/10/2025,Friday,Saturday,24.81,33.88,52.65,73.02,Late morning and afternoon thundery showers.,Fair (Day),0,18.93,ENE,26.06,46.06,61.75,16.62,42.64,29.5,east_avg_daily_psi,Good,8.34,6.39,7.03,7.2,27.03,28.97,25.09,4.6,8.28,0,2.53
1/11/2025,Saturday,Sunday,23.42,33.81,58.96,82.67,Occasionally windy. Afternoon passing showers,Fair & Warm,9.35,23.28,SW,35.49,30.09,29.36,46.08,31.45,46.29,central_avg_daily_psi,Good,9.23,2.57,4.43,6.57,27.16,29.68,24.64,6.37,9.13,90.66,2.7
2/11/2025,Sunday,Monday,23.76,33.02,69.78,80.45,Occasionally windy. Late afternoon and evening thundery showers. ,Partly Cloudy (Day),8.61,22.9,WNW,33.23,49.45,52.74,35.79,34.98,14.85,north_avg_daily_psi,Good,11.31,1.12,1.2,3.08,30.22,32.99,27.45,8.26,11.67,2.21,0.76
3/11/2025,Monday,Tuesday,24.19,33.61,51.67,65.06,Occasionally windy. Late afternoon and evening thundery showers. ,Fair (Day),9.98,13.85,SSE,35.87,45.39,35.09,31.44,52,60.24,south,Moderate,16.89,13.26,14.16,14.65,26.29,27.99,24.59,6.58,8.64,68.69,2.28
4/11/2025,Tuesday,Wednesday,23.88,33.89,63.5,62.44,Morning showers,Fair (Day),15.02,14.96,NNW,45.41,56.61,30.57,49.61,36.03,47.52,east,Good,3.05,1.66,1.9,2.89,25.68,27.6,23.76,6.3,9.48,91.81,1.98
5/11/2025,Wednesday,Thursday,24.07,33.98,65.15,88.4,Thundery showers in the morning.,Passing Showers,8.58,23.21,S,37.63,68.37,47.61,42.45,42.34,37.71,central_avg_daily_psi,Good,9.12,4.89,6.71,6.75,28.055,30.82,25.29,6.32,8.59,56.26,2.28
6/11/2025,Thursday,Friday,23.71,32.43,48.27,62.14,Cloudy and windy with light rain in the morning.,Fair (Day),7.38,28.03,WSW,31.93,46.38,31.05,39.14,51.56,37.66,south_avg_daily_psi,Good,7.58,1.58,2.5,2.69,25.885,27.67,24.1,6.55,9.94,61.09,1.45
7/11/2025,Friday,Saturday,25.51,35.38,42.71,81.56,Late morning and early afternoon thundery showers. ,Slightly Hazy,22.83,17.43,SSE,42.21,48.05,38.37,42.34,43.03,52.89,central_avg_daily_psi,Moderate,3.33,2.15,2.67,3.19,27.255,30.21,24.3,6.63,8.68,72.09,0.86
8/11/2025,Saturday,Sunday,23.2,33.51,53.74,48.12,late afternoon and evening thundery showers,Slightly Hazy,13.8,19.66,NNE,51.11,44.07,43.88,44.52,26.04,35.63,south,Good,2.43,0,0.18,1.51,26.315,28.29,24.34,5.62,9.48,78.07,0.84
9/11/2025,Sunday,Monday,24.5,32.53,48.03,75.37,Showers,Thundery Showers,9.45,22.44,SW,31.21,49.15,22.19,50.81,38.55,46.54,north,Good,5.86,1.43,1.59,1.62,24.51,26.12,22.9,6.18,8.83,20.75,4.09
10/11/2025,Monday,Tuesday,25.28,34.5,44.38,59.66,Late morning and early afternoon thundery showers ,Fair (Day),9.74,21.33,NW,42.7,39.41,54.54,61.95,42.48,29.18,central_avg_daily_psi,Good,9.11,3.12,6.79,8.72,28.135,29.64,26.63,6.19,8.82,38.58,0.65
11/11/2025,Tuesday,Wednesday,25.88,32.13,64.76,68.16,Afternoon thundery showers..,Slightly Hazy,12.72,27.31,ENE,40.96,38.89,30.08,28.79,49.85,43.26,north,Good,14.17,6.45,10.64,12.91,29.585,31.54,27.63,7.16,10.09,8.31,0.25
12/11/2025,Wednesday,Thursday,25.12,33.48,68.68,75.54,Pre-dawn and early morning thundery showers ,Fair (Day),6.1,26.76,NNE,53.12,16.63,54.42,61.04,47.58,28.52,north_avg_daily_psi,Good,13.27,7.66,8.19,8.46,27.575,30.56,24.59,6.31,9.3,0.67,4.34
13/11/2025,Thursday,Friday,23.69,31.43,70.19,76.81,Pre-dawn hours and early morning showers. Afternoon and evening thundery showers.,Fair (Day),8.88,20.5,SE,38.06,44.75,26.43,42.67,24.95,34.54,west,Good,5.88,1.21,5.37,5.46,26.995,29.35,24.64,6.58,8.87,28.99,2.32
14/11/2025,Friday,Saturday,22.99,32.46,39.69,77.44,Cloudy,Hazy,7.31,25.92,NNW,45.05,45.78,23.16,48.04,31.35,54.38,east_avg_daily_psi,Moderate,1.89,0.05,0.83,1.33,27.32,29.24,25.4,7.02,9.88,56.1,1.28
15/11/2025,Saturday,Sunday,25.27,33.73,80.3,80.03,"Pre-dawn hours and early morning thundery showers
",Hazy,9.61,11.21,WSW,36.67,42.28,38.19,24.98,37.39,35.09,central,Good,6.29,2.34,3.91,4.5,25.9,28.58,23.22,4.44,6.56,36.57,1.28
16/11/2025,Sunday,Monday,25.18,35.27,62.64,82.77,"Early morning, late afternoon and evening thundery showers.",Hazy,6.02,18.19,W,57.94,46.43,31.78,31.02,37.96,31.22,south,Good,8.5,3.63,6.12,6.2,26.29,28.29,24.29,7.08,9.63,42.53,1.7
17/11/2025,Monday,Tuesday,23.8,33.58,37.18,58.51,Late morning thundery showers.,Heavy Showers,9.93,27.75,NE,39.39,39.23,23.98,31.66,39.93,55.99,west,Moderate,17.69,11.23,13.06,13.78,27.645,29.76,25.53,7.8,10.82,65.56,2.87
18/11/2025,Tuesday,Wednesday,24.44,32.38,57.87,78.51,Fair and occasionally windy ,Hazy,7.11,12.91,N,37.56,36.27,33.63,35.46,28.92,33.05,south_avg_daily_psi,Good,13.88,5.65,6.43,7.04,26.8,28.49,25.11,8.32,12.26,117.6,1.53
19/11/2025,Wednesday,Thursday,24.43,32.9,64.17,45.36,Generally fair except for showers over western Singapore in the late morning.,Hazy,15.25,21.39,E,20.17,30.41,41.4,33.66,134,53.28,east_avg_daily_psi,Moderate,12.72,0.53,7.18,8.27,27.335,29.98,24.69,5.94,8.74,20.36,4.21
20/11/2025,Thursday,Friday,24.36,33.76,64.96,67.87,Early hours thundery showers with gusty winds,Moderate Rain,11.91,26.4,SE,38.64,54.41,68.99,40.87,48.62,39.73,east,Good,5.64,3.06,4.03,5.3,28.825,31.71,25.94,5.44,9.11,104.84,1.79
21/11/2025,Friday,Saturday,24.9,31.49,43.96,56.13,"Windy. Periods of showers, at times with thunder.",Showers,7.91,22.79,E,49.47,33.07,37.25,8.06,43.55,34.86,south_avg_daily_psi,Good,7.66,1.96,2.42,3.96,26.455,28.87,24.04,6.4,8.86,122.82,0.55
22/11/2025,Saturday,Sunday,23.59,33.17,50.36,79.01,"Windy. Periods of showers, at times with thunder.",Hazy,11.52,6.15,NNE,38.59,38.68,28.8,44.72,53.84,26.72,south,Good,8.85,1.59,2.28,2.34,27.19,29.02,25.36,9.16,12.26,95.87,0.54
23/11/2025,Sunday,Monday,23.05,32.26,53.7,94.91,Windy with afternoon passing showers.,Hazy,16.43,25.07,W,173,37.34,48.86,46.57,39.62,39.21,east_avg_daily_psi,Good,15.15,1.72,4.51,6.17,25.42,27.08,23.76,6.66,10.45,73.88,3.74
24/11/2025,Monday,Tuesday,24.35,34.56,55.98,68.15,Thundery showers in the pre-dawn and early morning.,Fair & Warm,16.1,18.51,SSW,47.16,42.71,33.96,27.81,49.5,44.9,north_avg_daily_psi,Good,9.83,2.16,2.8,4.16,28.13,29.96,26.3,5.56,9.45,41.75,0.68
25/11/2025,Tuesday,Wednesday,23.43,33.82,44.33,85.7,Morning occasional showers at times with thunder.,Partly Cloudy (Day),3.03,26.32,WSW,56.38,45.49,26.01,38.51,54.75,47.99,south,Good,4.5,0.02,0.71,3.82,27.98,29.74,26.22,7.11,9.43,0,1.89
26/11/2025,Wednesday,Thursday,25.54,32.38,41.65,78.24,Afternoon thundery showers ,Fair & Warm,9.21,17.45,NNW,54.58,36.88,49.45,36.29,55.63,53.26,west_avg_daily_psi,Moderate,6.68,3.21,3.99,5.22,28.315,30.62,26.01,8.23,10.86,24.24,1.25
27/11/2025,Thursday,Friday,23.74,32.91,29.7,60.29,Afternoon Showers  ,Light Rain,15.1,16.39,NNW,36.77,48.79,39.3,42.59,30.74,46.92,south_avg_daily_psi,Good,3.41,1.69,2.23,2.88,28.545,31.49,25.6,8.17,10.85,85.35,1.94
28/11/2025,Friday,Saturday,23.84,31.99,78.82,67.41,Afternoon thundey showers.,Hazy,15.41,11.22,SSW,28.24,26.09,34.1,53.34,63.79,37.23,north_avg_daily_psi,Good,17.15,4.29,10.3,17.12,27.055,28.86,25.25,6.87,10.68,96.84,2.95
29/11/2025,Saturday,Sunday,25.89,32.57,64.34,76.05,Showers,Moderate Rain,8.94,24.34,NW,39.61,36.43,29.96,37.04,18.18,26.65,central_avg_daily_psi,Good,5.72,2.21,3.41,4.45,26.955,29.68,24.23,6.44,10.15,47.97,5.92
30/11/2025,Sunday,Monday,24.99,34.9,80.14,65.75,Hazy.,Hazy,8.97,17.1,NNE,45.46,53.12,53.02,36.83,42.75,50.48,west_avg_daily_psi,Moderate,11.47,5.18,5.3,11.06,28.905,31.34,26.47,6.34,9.32,50.87,2.37
1/12/2025,Monday,Tuesday,25.3,34.15,58.91,78.94,Showers in the morning. Thundery showers in the afternoon.  ,Fair (Day),7.77,24.28,SE,33.87,42.99,45.96,31.64,51.89,21.8,east_avg_daily_psi,Good,2.9,0.03,1.01,1.1,26.395,28.25,24.54,8.71,12.22,58.32,1.36
2/12/2025,Tuesday,Wednesday,24.89,33.99,61.38,61.54,Showers.,Light Rain,8.56,17.45,ENE,43.76,48.25,43.05,50.18,39.19,35.98,north_avg_daily_psi,Good,8.91,0.14,2.12,3.88,26.315,28.1,24.53,7.49,9.56,107.17,1.11
3/12/2025,Wednesday,Thursday,23.76,34.31,62.78,72.8,Occasionally windy. Showers in the afternoon and evening.,Windy,8.47,14.41,VARIABLE,67.88,33.64,22.53,38.41,40.97,31.96,east_avg_daily_psi,Good,12.52,2.71,4.48,4.98,27.155,29.24,25.07,5.86,9.81,78.91,0.36
4/12/2025,Thursday,Friday,23.91,32.9,56.54,74.2,Occasionally windy. Afternoon and night periods of showers.,Cloudy,10.2,20.58,ENE,34.06,44.03,53,197,28.4,67.99,south,Moderate,8.79,0.3,0.73,2.68,27.595,29.54,25.65,5.96,9.3,30.59,1.93
5/12/2025,Friday,Saturday,24.87,32.53,34.46,71.66,Morning Thundery Showers.,Moderate Rain,11.11,16.59,ENE,24.59,54.3,39.57,40.89,42.54,45.03,east,Good,13.82,0.65,5.77,8.43,27.79,29.39,26.19,7.08,10.17,64.43,0
6/12/2025,Saturday,Sunday,24.74,33.67,72.77,78.07,Occasionally windy. Predawn hours and early morning thundery showers.,Showers,9.93,21.29,N,29.21,42.6,39.65,46.41,51.23,196,west,Unhealthy,7.74,1.7,2.36,4.05,30.76,33.11,28.41,6.7,9.32,43.79,1.81
7/12/2025,Sunday,Monday,25.44,33.79,60.23,60.24,Predawn and early morning thundery showers.,Heavy Thundery Showers,11.71,20.95,SSW,50.7,36.25,39.95,36.52,39.35,50.36,central,Moderate,5.42,1.26,4.63,4.66,26.735,28.93,24.54,8.05,10.43,61.01,3.7
8/12/2025,Monday,Tuesday,23.19,31.51,59.26,66.43,Late morning early afternoon thundery showers.,Fair & Warm,4.37,14.9,SW,38.62,44.07,41.61,51.78,39.46,21.55,east,Good,13.68,1.46,4.4,8.57,26.68,28.75,24.61,6.49,9.33,84.61,0.93
9/12/2025,Tuesday,Wednesday,24.18,33.11,67.72,63.64,Afternoon thundery showers. ,Light Rain,2.39,21.17,NNW,53.79,38.98,42.5,26.07,28.08,51.91,central_avg_daily_psi,Moderate,7.61,0.96,1.27,4.57,28.88,31.31,26.45,7.21,9.65,68.53,2.61
10/12/2025,Wednesday,Thursday,24.85,32.84,61.94,62.54,Morning showers.,Moderate Rain,3.85,6.21,E,25.52,47.92,44.77,37.7,24.12,24.08,central,Good,12.1,1.99,5.01,7.73,28.66,31.27,26.05,7.79,9.94,122.43,1.93
11/12/2025,Thursday,Friday,24.92,33.29,78.75,73.07,Overnight rain. Afternoon thundery showers.,Showers,7.54,19.23,SSE,34.81,26.18,55.84,44,15.8,43.06,south_avg_daily_psi,Good,4.16,1.44,1.45,2.55,27.21,30.06,24.36,6.4,8.43,40.76,1.35
12/12/2025,Friday,Saturday,24.65,31.66,76.01,87.78,Morning Thundery Showers.,Heavy Thundery Showers with Gusty Winds,12.52,32.36,E,53.86,28.94,45.93,35.17,39.33,32.92,south_avg_daily_psi,Good,18.9,1.81,3.95,9.79,28.915,31.72,26.11,7.65,10.41,47.64,2.95
13/12/2025,Saturday,Sunday,24.1,33.18,57.84,61.11,Late morning and early afternoon  thundery showers,Light Rain,13.2,24.47,ESE,37.59,42.55,38.94,35.46,38.67,43.38,west,Good,5.62,2.2,2.75,4.75,27.51,29.39,25.63,6.86,9.52,52.03,2.71
14/12/2025,Sunday,Monday,25.57,32.3,60.24,54.4,Early hours and pre-dawn thundery showers with gusty winds.,Thundery Showers,10.82,12.55,S,41.65,27.94,46.86,34.12,26.66,28.16,central_avg_daily_psi,Good,9.16,1.81,3.68,8.05,27.79,29.82,25.76,6.77,10.75,78.73,2.15
15/12/2025,Monday,Tuesday,24.57,34.7,59.59,74.91,Late morning and early afternoon thundery showers,Heavy Thundery Showers,3.61,24.37,SE,53.21,38.91,37.98,33.59,39.11,43.47,south_avg_daily_psi,Good,5.76,1.39,4.57,5.5,26.81,29.2,24.42,6.56,9.76,48.69,1.12
16/12/2025,Tuesday,Wednesday,24.3,31.89,69.76,52.74,Occasionally windy with passing showers.,Showers,4.17,22.44,S,46.8,51.07,50.82,38.84,34.37,40.82,south,Good,12.47,6.75,8.16,9,30.15,32.86,27.44,4.68,7.91,38.1,1.44
17/12/2025,Wednesday,Thursday,24.39,34.78,55.55,68.05,Thundery showers over many areas in the late morning and afternoon. ,Windy,3.6,19.53,WSW,36.62,24.32,46.94,27.8,38.31,57.59,central,Moderate,5.12,2.37,2.48,3.11,28.91,31.79,26.03,6.36,9.92,72.39,1.06
18/12/2025,Thursday,Friday,24.21,32.49,59.97,76.72,Partly cloudy.,Light Showers,15.41,13.29,E,54.39,47.29,42.55,34.5,51.24,54.44,west_avg_daily_psi,Moderate,3.87,0.47,1.32,2.73,27.025,29.05,25,7.62,10.09,66.04,3.07
19/12/2025,Friday,Saturday,24.3,33.26,46.54,57.94,Morning thundery showers..,Heavy Rain,6.48,14.51,SE,25.86,59.32,36.72,42.35,43.28,52.2,north,Moderate,7.82,0.75,1.03,1.29,29.555,31.92,27.19,6.28,8.8,43.44,1.55
20/12/2025,Saturday,Sunday,23.5,33.35,50.17,62.05,Pre-dawn hours and early morning thundery showers ,Partly Cloudy (Day),6.8,15.3,W,43.45,46.08,36.56,38.16,35.56,44.39,central_avg_daily_psi,Good,5.62,1.09,1.36,5.15,26.965,29.23,24.7,8.54,11.03,30.13,0.54
21/12/2025,Sunday,Monday,23.95,33.09,50.75,54.42,Pre-dawn hours and early morning showers. Afternoon and evening thundery showers.,Light Rain,10.22,16.97,ESE,40.01,29.97,39.29,35.06,37.64,53.67,central_avg_daily_psi,Moderate,4.01,0.06,0.24,0.58,26.365,28.36,24.37,6.5,9.22,35.23,0
22/12/2025,Monday,Tuesday,23.97,33.9,67.09,67.71,Late afternoon and evening thundery showers ,Light Showers,10.5,19.92,ENE,47.73,20.53,23.09,20.6,37.78,48.43,central,Good,10.6,1.54,1.89,3.47,27.895,30.55,25.24,6.99,10.93,85.6,1.42
23/12/2025,Tuesday,Wednesday,25.47,32.22,52.85,65.25,"Afternoon passing showers, extending into the evening",Windy,5.02,14.22,NE,54.62,41.23,47.25,39.08,31.17,23.49,west,Good,6.43,2.03,4.11,4.16,27.15,28.65,25.65,6.72,9,22.04,1.87
24/12/2025,Wednesday,Thursday,24.46,34.81,50.01,62.72,Fair except for showers in the early afternoon.,Light Rain,9.55,12.74,ESE,36.1,26.82,41.15,41.65,53.96,35.45,east_avg_daily_psi,Good,7.51,0.16,0.63,1.88,26.51,28.22,24.8,7.91,11.34,30.01,3.57
25/12/2025,Thursday,Friday,22.81,34.93,86.91,77.11,"Pre-dawn hours and early morning thundery showers
",Fair (Day),7.32,6.76,ENE,29.82,116,38.11,31.81,30.56,28.46,central_avg_daily_psi,Good,3.08,2.26,2.45,2.57,26.165,27.91,24.42,7.98,11.82,26.95,1.11
26/12/2025,Friday,Saturday,23.05,31.66,55.15,88.39,Pre-dawn and early morning thundery showers,Heavy Showers,8.43,20.3,N,39.37,31.96,55.53,29.77,57.19,46.32,central,Good,11.21,0.49,2.56,3.46,30.99,32.81,29.17,7.71,11.1,0,0
27/12/2025,Saturday,Sunday,22.55,31.34,58.53,77.68,"Overcast and windy, with rain, heavy at times. ",Fair & Warm,6.12,28.91,NE,29.75,49.55,47.3,37.39,43.67,141,south,Unhealthy,10.78,1.26,7.03,8.48,27.795,30.43,25.16,6.99,9.58,146.71,0.78
28/12/2025,Sunday,Monday,23.24,32.05,56.51,71.51,Occasionally windy. Afternoon passing showers.,Fair & Warm,12.19,27.09,NW,39.08,28.48,37.67,38.15,27.87,61.06,west,Moderate,8.46,2.15,3.56,5.5,28.16,30.22,26.1,5.72,8.33,64.44,1.24
29/12/2025,Monday,Tuesday,24.31,32.94,49.36,70.47,Afternoon thundery showers clearing in the evening.,Heavy Thundery Showers,13.31,18.77,SE,25.82,32.12,42.77,47.92,32.67,39.02,west_avg_daily_psi,Good,15.41,0.4,6.48,10.78,27.85,29.63,26.07,6.03,8.09,52.68,1.79
30/12/2025,Tuesday,Wednesday,25.33,33.16,48.55,66.08,Early hours thundery showers with gusty winds. Afternoon showers.,Fair & Warm,15.03,31.38,NE,17.77,24.47,33.13,36.98,46.16,43.89,north_avg_daily_psi,Good,6.05,1.18,1.37,5.7,30.415,33.2,27.63,6.99,10.99,60.55,0
31/12/2025,Wednesday,Thursday,23.67,33.37,37.42,72.73,Generally fair and occasionally windy.,Moderate Rain,6.66,31.19,NE,38.28,32.55,42.72,34.49,46.84,44.46,east_avg_daily_psi,Good,10.47,1.01,3.1,6.69,27.055,29.94,24.17,7.04,10.98,10.97,1.96
